Date,Time,Steps,Heartrate,Movement
2023-1-3,19:40,7,,26
2023-1-3,19:50,8,,35
2023-1-3,20:00,0,,10
2023-1-3,20:10,0,,10
2023-1-3,20:20,0,,10
2023-1-3,20:30,0,,11
2023-1-3,20:40,0,,11
2023-1-3,20:50,0,,11
2023-1-3,21:00,0,,11
2023-1-3,21:10,0,,10
2023-1-3,21:20,0,,11
2023-1-3,21:30,0,,11
2023-1-3,21:40,0,,11
2023-1-3,21:50,0,,11
2023-1-3,22:00,0,,11
2023-1-3,22:10,0,,11
2023-1-3,22:20,52,,55
2023-1-3,22:30,0,,14
2023-1-3,22:40,0,,29
2023-1-3,22:50,0,,20
2023-1-3,23:00,0,,29
2023-1-3,23:10,19,,48
2023-1-3,23:20,6,,28
2023-1-3,23:30,0,,17
2023-1-3,23:40,0,,17
2023-1-3,23:50,0,,11
2023-1-4,0:00,0,,10
2023-1-4,0:10,0,,10
2023-1-4,0:20,0,,10
2023-1-4,0:30,0,,10
2023-1-4,0:40,0,,11
2023-1-4,0:50,0,,10
2023-1-4,1:00,0,,10
2023-1-4,1:10,0,,10
2023-1-4,1:20,0,,10
2023-1-4,1:30,0,,10
2023-1-4,1:40,0,,10
2023-1-4,1:50,0,,10
2023-1-4,2:00,0,,10
2023-1-4,2:10,0,,10
2023-1-4,2:20,0,,11
2023-1-4,2:30,0,,10
2023-1-4,2:40,0,,10
2023-1-4,2:50,0,,11
2023-1-4,3:00,0,,10
2023-1-4,3:10,0,,10
2023-1-4,3:20,0,,10
2023-1-4,3:30,0,,10
2023-1-4,3:40,0,,11
2023-1-4,3:50,0,,10
2023-1-4,4:00,0,,10
2023-1-4,4:10,0,,10
2023-1-4,4:20,0,,11
2023-1-4,4:30,0,,10
2023-1-4,4:40,0,,10
2023-1-4,4:50,0,,10
2023-1-4,5:00,0,,10
2023-1-4,5:10,0,,10
2023-1-4,5:20,0,,10
2023-1-4,5:30,0,,10
2023-1-4,5:40,0,,11
2023-1-4,5:50,0,,10
2023-1-4,6:00,0,,10
2023-1-4,6:10,0,,10
2023-1-4,6:20,0,,10
2023-1-4,6:30,0,,10
2023-1-4,6:40,0,,10
2023-1-4,6:50,0,,10
2023-1-4,7:00,0,,10
2023-1-4,7:10,0,,10
2023-1-4,7:20,0,,10
2023-1-4,7:30,0,,10
2023-1-4,7:40,0,,10
2023-1-4,7:50,0,,10
2023-1-4,8:00,0,,10
2023-1-4,8:10,0,,10
2023-1-4,8:20,0,,10
2023-1-4,8:30,0,,10
2023-1-4,8:40,0,,10
2023-1-4,8:50,0,,11
2023-1-4,9:00,0,,10
2023-1-4,9:10,0,,10
2023-1-4,9:20,0,,10
2023-1-4,9:30,0,,10
2023-1-4,9:40,0,,10
2023-1-4,9:50,0,,10
2023-1-4,10:00,0,,10
2023-1-4,10:10,0,,10
2023-1-4,10:20,0,,10
2023-1-4,10:30,0,,11
2023-1-4,10:40,0,,11
2023-1-4,10:50,0,,11
2023-1-4,11:00,0,,10
2023-1-4,11:10,0,,10
2023-1-4,11:20,0,,10
2023-1-4,11:30,0,,10
2023-1-4,11:40,0,,11
2023-1-4,11:50,0,,14
2023-1-4,12:00,0,,10
2023-1-4,12:10,0,,10
2023-1-4,12:20,0,,10
2023-1-4,12:30,0,,9
2023-1-4,12:40,0,,10
2023-1-4,12:50,0,,10
2023-1-4,13:00,0,,10
2023-1-4,13:10,421,,171
2023-1-4,13:20,512,,130
2023-1-4,13:30,0,,28
2023-1-4,13:40,0,,22
2023-1-4,13:50,6,,30
2023-1-4,14:00,350,,76
2023-1-4,14:10,104,,46
2023-1-4,14:20,167,,52
2023-1-4,14:30,295,,89
2023-1-4,14:40,63,,34
2023-1-4,14:50,296,,157
2023-1-4,15:00,6,,33
2023-1-4,15:10,0,,10
2023-1-4,15:20,0,,12
2023-1-4,15:30,0,,11
2023-1-4,15:40,0,,10
2023-1-4,15:50,0,,13
2023-1-4,16:00,0,,10
2023-1-4,16:10,0,,9
2023-1-4,16:20,0,,10
2023-1-4,16:30,0,,10
2023-1-4,16:40,0,,22
2023-1-4,16:50,0,,11
2023-1-4,17:00,0,,11
2023-1-4,17:10,0,,11
2023-1-4,17:20,0,,12
2023-1-4,17:30,0,,11
2023-1-4,17:40,0,,10
2023-1-4,17:50,0,,10
2023-1-4,18:00,0,,10
2023-1-4,18:10,0,,10
2023-1-4,18:20,0,,10
2023-1-4,18:30,0,,10
2023-1-4,18:40,0,,10
2023-1-4,18:50,0,,10
2023-1-4,19:00,0,,10
2023-1-4,19:10,0,,9
2023-1-4,19:20,0,,10
2023-1-4,19:30,0,,10
2023-1-4,19:40,0,,10
2023-1-4,19:50,0,,11
2023-1-4,20:00,0,,10
2023-1-4,20:10,0,,16
2023-1-4,20:20,0,,15
2023-1-4,20:30,0,,12
2023-1-4,20:40,0,,12
2023-1-4,20:50,0,,10
2023-1-4,21:00,0,,10
2023-1-4,21:10,71,,58
2023-1-4,21:20,456,,120
2023-1-4,21:30,0,,23
2023-1-4,21:40,0,,23
2023-1-4,21:50,814,,214
2023-1-4,22:00,37,,49
2023-1-4,22:10,0,,10
2023-1-4,22:20,0,,11
2023-1-4,22:30,0,,11
2023-1-4,22:40,0,,11
2023-1-4,22:50,0,,21
2023-1-4,23:00,0,,11
2023-1-4,23:10,0,,11
2023-1-4,23:20,0,,11
2023-1-4,23:30,0,,11
2023-1-4,23:40,0,,10
2023-1-4,23:50,0,,11
2023-1-5,0:00,0,,11
2023-1-5,0:10,0,,10
2023-1-5,0:20,0,,11
2023-1-5,0:30,0,,11
2023-1-5,0:40,0,,11
2023-1-5,0:50,0,,10
2023-1-5,1:00,0,,11
2023-1-5,1:10,0,,11
2023-1-5,1:20,0,,11
2023-1-5,1:30,0,,11
2023-1-5,1:40,0,,11
2023-1-5,1:50,0,,11
2023-1-5,2:00,0,,11
2023-1-5,2:10,0,,11
2023-1-5,2:20,0,,11
2023-1-5,2:30,0,,11
2023-1-5,2:40,0,,10
2023-1-5,2:50,0,,11
2023-1-5,3:00,0,,11
2023-1-5,3:10,0,,10
2023-1-5,3:20,0,,11
2023-1-5,3:30,0,,10
2023-1-5,3:40,0,,11
2023-1-5,3:50,0,,11
2023-1-5,4:00,0,,11
2023-1-5,4:10,0,,10
2023-1-5,4:20,0,,11
2023-1-5,4:30,0,,11
2023-1-5,4:40,0,,11
2023-1-5,4:50,0,,11
2023-1-5,5:00,0,,11
2023-1-5,5:10,0,,11
2023-1-5,5:20,0,,11
2023-1-5,5:30,0,,11
2023-1-5,5:40,0,,11
2023-1-5,5:50,0,,11
2023-1-5,6:00,0,,11
2023-1-5,6:10,0,,11
2023-1-5,6:20,0,,11
2023-1-5,6:30,0,,11
2023-1-5,6:40,0,,11
2023-1-5,6:50,0,,11
2023-1-5,7:00,0,,11
2023-1-5,7:10,0,,11
2023-1-5,7:20,0,,11
2023-1-5,7:30,0,,11
2023-1-5,7:40,0,,11
2023-1-5,7:50,0,,11
2023-1-5,8:00,0,,11
2023-1-5,8:10,0,,11
2023-1-5,8:20,0,,11
2023-1-5,8:30,6,,28
2023-1-5,8:40,7,,17
2023-1-5,8:50,0,,11
2023-1-5,9:00,0,,11
2023-1-5,9:10,0,,11
2023-1-5,9:20,0,,11
2023-1-5,9:30,0,,11
2023-1-5,9:40,0,,11
2023-1-5,9:50,0,,11
2023-1-5,10:00,0,,11
2023-1-5,10:10,0,,11
2023-1-5,10:20,0,,11
2023-1-5,10:30,0,,11
2023-1-5,10:40,0,,11
2023-1-5,10:50,0,,11
2023-1-5,11:00,0,,11
2023-1-5,11:10,0,,11
2023-1-5,11:20,0,,11
2023-1-5,11:30,0,,11
2023-1-5,11:40,0,,11
2023-1-5,11:50,0,,11
2023-1-5,12:00,0,,11
2023-1-5,12:10,0,,11
2023-1-5,12:20,0,,11
2023-1-5,12:30,0,,11
2023-1-5,12:40,0,,10
2023-1-5,12:50,0,,11
2023-1-5,13:00,0,,11
2023-1-5,13:10,0,,11
2023-1-5,13:20,0,,11
2023-1-5,13:30,0,,11
2023-1-5,13:40,0,,11
2023-1-5,13:50,0,,11
2023-1-5,14:00,0,,11
2023-1-5,14:10,0,,11
2023-1-5,14:20,0,,11
2023-1-5,14:30,0,,11
2023-1-5,14:40,0,,11
2023-1-5,14:50,0,,11
2023-1-5,15:00,0,,11
2023-1-5,15:10,0,,11
2023-1-5,15:20,0,,11
2023-1-5,15:30,0,,11
2023-1-5,15:40,0,,11
2023-1-5,15:50,0,,11
2023-1-5,16:00,0,,11
2023-1-5,16:10,0,,11
2023-1-5,16:20,0,,11
2023-1-5,16:30,0,,11
2023-1-5,16:40,0,,11
2023-1-5,16:50,0,,11
2023-1-5,17:00,0,,11
2023-1-5,17:10,0,,11
2023-1-5,17:20,0,,11
2023-1-5,17:30,0,,11
2023-1-5,17:40,0,,11
2023-1-5,17:50,0,,11
2023-1-5,18:00,0,,11
2023-1-5,18:10,0,,11
2023-1-5,18:20,0,,11
2023-1-5,18:30,0,,11
2023-1-5,18:40,0,,11
2023-1-5,18:50,0,,11
2023-1-5,19:00,0,,11
2023-1-5,19:10,0,,12
2023-1-5,19:20,0,,11
2023-1-5,19:30,0,,11
2023-1-5,19:40,0,,11
2023-1-5,19:50,0,,11
2023-1-5,20:00,0,,11
2023-1-5,20:10,0,,11
2023-1-5,20:20,0,,11
2023-1-5,20:30,0,,11
2023-1-5,20:40,0,,11
2023-1-5,20:50,0,,11
2023-1-5,21:00,0,,11
2023-1-5,21:10,0,,11
2023-1-5,21:20,0,,11
2023-1-5,21:30,0,,11
2023-1-5,21:40,0,,11
2023-1-5,21:50,0,,11
2023-1-5,22:00,0,,11
2023-1-5,22:10,0,,11
2023-1-5,22:20,0,,11
2023-1-5,22:30,0,,11
2023-1-5,22:40,0,,11
2023-1-5,22:50,0,,11
2023-1-5,23:00,0,,11
2023-1-5,23:10,0,,11
2023-1-5,23:20,0,,11
2023-1-5,23:30,0,,11
2023-1-5,23:40,0,,11
2023-1-5,23:50,0,,11
2023-1-6,0:00,0,,11
2023-1-6,0:10,0,,11
2023-1-6,0:20,0,,11
2023-1-6,0:30,0,,11
2023-1-6,0:40,0,,11
2023-1-6,0:50,0,,11
2023-1-6,1:00,0,,11
2023-1-6,1:10,0,,11
2023-1-6,1:20,0,,11
2023-1-6,1:30,0,,11
2023-1-6,1:40,0,,11
2023-1-6,1:50,0,,11
2023-1-6,2:00,0,,11
2023-1-6,2:10,0,,11
2023-1-6,2:20,0,,11
2023-1-6,2:30,0,,11
2023-1-6,2:40,0,,11
2023-1-6,2:50,0,,11
2023-1-6,3:00,0,,11
2023-1-6,3:10,0,,11
2023-1-6,3:20,0,,11
2023-1-6,3:30,0,,11
2023-1-6,3:40,0,,11
2023-1-6,3:50,0,,11
2023-1-6,4:00,0,,11
2023-1-6,4:10,0,,11
2023-1-6,4:20,0,,11
2023-1-6,4:30,0,,11
2023-1-6,4:40,0,,11
2023-1-6,4:50,0,,11
2023-1-6,5:00,0,,11
2023-1-6,5:10,0,,11
2023-1-6,5:20,0,,11
2023-1-6,5:30,0,,11
2023-1-6,5:40,0,,11
2023-1-6,5:50,0,,11
2023-1-6,6:00,0,,11
2023-1-6,6:10,0,,11
2023-1-6,6:20,0,,11
2023-1-6,6:30,0,,11
2023-1-6,6:40,0,,11
2023-1-6,6:50,0,,11
2023-1-6,7:00,0,,11
2023-1-6,7:10,0,,11
2023-1-6,7:20,0,,11
2023-1-6,7:30,0,,11
2023-1-6,7:40,0,,11
2023-1-6,7:50,0,,11
2023-1-6,8:00,0,,11
2023-1-6,8:10,0,,11
2023-1-6,8:20,0,,11
2023-1-6,8:30,0,,11
2023-1-6,8:40,0,,12
2023-1-6,8:50,0,,11
2023-1-6,9:00,0,,11
2023-1-6,9:10,0,,11
2023-1-6,9:20,0,,11
2023-1-6,9:30,0,,11
2023-1-6,9:40,0,,11
2023-1-6,9:50,0,,12
2023-1-6,10:00,0,,11
2023-1-6,10:10,0,,11
2023-1-6,10:20,0,,11
2023-1-6,10:30,0,,11
2023-1-6,10:40,0,,11
2023-1-6,10:50,0,,11
2023-1-6,11:00,0,,11
2023-1-6,11:10,0,,11
2023-1-6,11:20,0,,11
2023-1-6,11:30,0,,11
2023-1-6,11:40,0,,11
2023-1-6,11:50,0,,11
2023-1-6,12:00,0,,11
2023-1-6,12:10,0,,11
2023-1-6,12:20,0,,11
2023-1-6,12:30,0,,11
2023-1-6,12:40,0,,11
2023-1-6,12:50,0,,11
2023-1-6,13:00,0,,11
2023-1-6,13:10,0,,11
2023-1-6,13:20,0,,11
2023-1-6,13:30,0,,11
2023-1-6,13:40,0,,11
2023-1-6,13:50,0,,11
2023-1-6,14:00,0,,11
2023-1-6,14:10,0,,11
2023-1-6,14:20,0,,11
2023-1-6,14:30,0,,11
2023-1-6,14:40,0,,11
2023-1-6,14:50,0,,11
2023-1-6,15:00,0,,11
2023-1-6,15:10,0,,11
2023-1-6,15:20,0,,11
2023-1-6,15:30,0,,11
2023-1-6,15:40,0,,11
2023-1-6,15:50,0,,12
2023-1-6,16:00,0,,11
2023-1-6,16:10,0,,12
2023-1-6,16:20,0,,11
2023-1-6,16:30,0,,11
2023-1-6,16:40,0,,11
2023-1-6,16:50,0,,11
2023-1-6,17:00,0,,11
2023-1-6,17:10,0,,11
2023-1-6,17:20,0,,11
2023-1-6,17:30,0,,11
2023-1-6,17:40,0,,11
2023-1-6,17:50,0,,11
2023-1-6,18:00,0,,11
2023-1-6,18:10,0,,11
2023-1-6,18:20,0,,11
2023-1-6,18:30,0,,11
2023-1-6,18:40,0,,11
2023-1-6,18:50,0,,11
2023-1-6,19:00,0,,11
2023-1-6,19:10,0,,11
2023-1-6,19:20,0,,11
2023-1-6,19:30,0,,11
2023-1-6,19:40,0,,11
2023-1-6,19:50,0,,11
2023-1-6,20:00,0,,11
2023-1-6,20:10,0,,11
2023-1-6,20:20,0,,11
2023-1-6,20:30,0,,11
2023-1-6,20:40,0,,11
2023-1-6,20:50,0,,11
2023-1-6,21:00,0,,11
2023-1-6,21:10,0,,11
2023-1-6,21:20,0,,11
2023-1-6,21:30,18,,43
2023-1-6,21:40,0,,21
2023-1-6,21:50,0,,28
2023-1-6,22:00,0,,9
2023-1-6,22:10,0,,9
2023-1-6,22:20,0,,11
2023-1-6,22:30,0,,11
2023-1-6,22:40,0,,11
2023-1-6,22:50,0,,10
2023-1-6,23:00,0,,11
2023-1-6,23:10,0,,11
2023-1-6,23:20,0,,11
2023-1-6,23:30,0,,11
2023-1-6,23:40,0,,11
2023-1-6,23:50,0,,10
2023-1-7,0:00,0,,11
2023-1-7,0:10,0,,11
2023-1-7,0:20,0,,11
2023-1-7,0:30,0,,11
2023-1-7,0:40,0,,11
2023-1-7,0:50,0,,11
2023-1-7,1:00,0,,10
2023-1-7,1:10,0,,11
2023-1-7,1:20,0,,11
2023-1-7,1:30,0,,10
2023-1-7,1:40,0,,11
2023-1-7,1:50,0,,10
2023-1-7,2:00,0,,11
2023-1-7,2:10,0,,11
2023-1-7,2:20,0,,11
2023-1-7,2:30,0,,11
2023-1-7,2:40,0,,11
2023-1-7,2:50,0,,11
2023-1-7,3:00,0,,10
2023-1-7,3:10,0,,11
2023-1-7,3:20,0,,11
2023-1-7,3:30,0,,11
2023-1-7,3:40,0,,11
2023-1-7,3:50,0,,11
2023-1-7,4:00,0,,11
2023-1-7,4:10,0,,11
2023-1-7,4:20,0,,11
2023-1-7,4:30,0,,11
2023-1-7,4:40,0,,11
2023-1-7,4:50,0,,10
2023-1-7,5:00,0,,11
2023-1-7,5:10,0,,10
2023-1-7,5:20,0,,11
2023-1-7,5:30,0,,11
2023-1-7,5:40,0,,11
2023-1-7,5:50,0,,10
2023-1-7,6:00,0,,11
2023-1-7,6:10,0,,11
2023-1-7,6:20,0,,10
2023-1-7,6:30,0,,11
2023-1-7,6:40,0,,10
2023-1-7,6:50,0,,11
2023-1-7,7:00,0,,11
2023-1-7,7:10,0,,10
2023-1-7,7:20,0,,10
2023-1-7,7:30,0,,10
2023-1-7,7:40,0,,10
2023-1-7,7:50,0,,11
2023-1-7,8:00,0,,11
2023-1-7,8:10,0,,11
2023-1-7,8:20,0,,11
2023-1-7,8:30,0,,11
2023-1-7,8:40,0,,11
2023-1-7,8:50,10,,40
2023-1-7,9:00,42,,48
2023-1-7,9:10,533,,131
2023-1-7,9:20,290,,97
2023-1-7,9:30,0,,22
2023-1-7,9:40,38,,36
2023-1-7,9:50,672,,133
2023-1-7,10:00,112,,99
2023-1-7,10:10,84,,86
2023-1-7,10:20,88,,104
2023-1-7,10:30,82,,82
2023-1-7,10:40,56,,56
2023-1-7,10:50,6,,41
2023-1-7,11:00,7,,37
2023-1-7,11:10,26,,38
2023-1-7,11:20,29,,38
2023-1-7,11:30,64,,59
2023-1-7,11:40,54,,39
2023-1-7,11:50,32,,31
2023-1-7,12:00,43,,51
2023-1-7,12:10,29,,40
2023-1-7,12:20,16,,33
2023-1-7,12:30,63,,51
2023-1-7,12:40,7,,28
2023-1-7,12:50,0,,18
2023-1-7,13:00,0,,35
2023-1-7,13:10,69,,43
2023-1-7,13:20,47,,41
2023-1-7,13:30,27,,50
2023-1-7,13:40,30,,30
2023-1-7,13:50,0,,23
2023-1-7,14:00,12,,40
2023-1-7,14:10,75,,61
2023-1-7,14:20,28,,44
2023-1-7,14:30,56,,51
2023-1-7,14:40,53,,49
2023-1-7,14:50,55,,47
2023-1-7,15:00,50,,45
2023-1-7,15:10,0,,11
2023-1-7,15:20,321,,91
2023-1-7,15:30,0,,24
2023-1-7,15:40,41,,43
2023-1-7,15:50,631,,149
2023-1-7,16:00,649,,139
2023-1-7,16:10,956,,170
2023-1-7,16:20,9,,28
2023-1-7,16:30,0,,11
2023-1-7,16:40,0,,11
2023-1-7,16:50,0,,10
2023-1-7,17:00,0,,13
2023-1-7,17:10,0,,10
2023-1-7,17:20,6,,12
2023-1-7,17:30,0,,10
2023-1-7,17:40,0,,10
2023-1-7,17:50,0,,10
2023-1-7,18:00,0,,9
2023-1-7,18:10,0,,9
2023-1-7,18:20,0,,10
2023-1-7,18:30,0,,11
2023-1-7,18:40,0,,10
2023-1-7,18:50,0,,11
2023-1-7,19:00,0,,10
2023-1-7,19:10,0,,11
2023-1-7,19:20,0,,11
2023-1-7,19:30,0,,11
2023-1-7,19:40,0,,10
2023-1-7,19:50,0,,11
2023-1-7,20:00,0,,11
2023-1-7,20:10,0,,11
2023-1-7,20:20,0,,11
2023-1-7,20:30,0,,11
2023-1-7,20:40,0,,11
2023-1-7,20:50,0,,11
2023-1-7,21:00,0,,11
2023-1-7,21:10,0,,10
2023-1-7,21:20,0,,11
2023-1-7,21:30,0,,10
2023-1-7,21:40,0,,11
2023-1-7,21:50,0,,10
2023-1-7,22:00,0,,11
2023-1-7,22:10,0,,11
2023-1-7,22:20,0,,11
2023-1-7,22:30,0,,11
2023-1-7,22:40,0,,10
2023-1-7,22:50,0,,11
2023-1-7,23:00,0,,10
2023-1-7,23:10,0,,11
2023-1-7,23:20,0,,11
2023-1-7,23:30,0,,11
2023-1-7,23:40,0,,11
2023-1-7,23:50,0,,11
2023-1-8,0:00,0,,11
2023-1-8,0:10,0,,11
2023-1-8,0:20,0,,11
2023-1-8,0:30,0,,10
2023-1-8,0:40,0,,10
2023-1-8,0:50,0,,11
2023-1-8,1:00,0,,10
2023-1-8,1:10,0,,11
2023-1-8,1:20,0,,10
2023-1-8,1:30,0,,10
2023-1-8,1:40,0,,10
2023-1-8,1:50,0,,11
2023-1-8,2:00,0,,11
2023-1-8,2:10,0,,11
2023-1-8,2:20,0,,11
2023-1-8,2:30,0,,11
2023-1-8,2:40,0,,11
2023-1-8,2:50,0,,11
2023-1-8,3:00,0,,11
2023-1-8,3:10,0,,11
2023-1-8,3:20,0,,11
2023-1-8,3:30,0,,10
2023-1-8,3:40,0,,11
2023-1-8,3:50,0,,10
2023-1-8,4:00,0,,11
2023-1-8,4:10,0,,10
2023-1-8,4:20,0,,11
2023-1-8,4:30,0,,10
2023-1-8,4:40,0,,11
2023-1-8,4:50,0,,10
2023-1-8,5:00,0,,10
2023-1-8,5:10,0,,11
2023-1-8,5:20,0,,11
2023-1-8,5:30,0,,11
2023-1-8,5:40,0,,10
2023-1-8,5:50,0,,11
2023-1-8,6:00,0,,11
2023-1-8,6:10,0,,11
2023-1-8,6:20,0,,11
2023-1-8,6:30,0,,10
2023-1-8,6:40,0,,11
2023-1-8,6:50,0,,11
2023-1-8,7:00,0,,11
2023-1-8,7:10,0,,11
2023-1-8,7:20,0,,11
2023-1-8,7:30,0,,10
2023-1-8,7:40,0,,11
2023-1-8,7:50,0,,11
2023-1-8,8:00,0,,10
2023-1-8,8:10,0,,11
2023-1-8,8:20,0,,11
2023-1-8,8:30,0,,11
2023-1-8,8:40,0,,11
2023-1-8,8:50,0,,11
2023-1-8,9:00,0,,11
2023-1-8,9:10,0,,10
2023-1-8,9:20,0,,10
2023-1-8,9:30,0,,11
2023-1-8,9:40,0,,11
2023-1-8,9:50,0,,11
2023-1-8,10:00,0,,11
2023-1-8,10:10,0,,11
2023-1-8,10:20,0,,10
2023-1-8,10:30,0,,11
2023-1-8,10:40,0,,11
2023-1-8,10:50,0,,11
2023-1-8,11:00,0,,11
2023-1-8,11:10,0,,11
2023-1-8,11:20,0,,11
2023-1-8,11:30,0,,11
2023-1-8,11:40,0,,10
2023-1-8,11:50,0,,11
2023-1-8,12:00,0,,11
2023-1-8,12:10,0,,10
2023-1-8,12:20,0,,10
2023-1-8,12:30,0,,11
2023-1-8,12:40,0,,11
2023-1-8,12:50,0,,10
2023-1-8,13:00,0,,11
2023-1-8,13:10,0,,11
2023-1-8,13:20,0,,10
2023-1-8,13:30,0,,11
2023-1-8,13:40,0,,11
2023-1-8,13:50,0,,11
2023-1-8,14:00,0,,11
2023-1-8,14:10,0,,11
2023-1-8,14:20,0,,11
2023-1-8,14:30,0,,10
2023-1-8,14:40,0,,10
2023-1-8,14:50,0,,11
2023-1-8,15:00,0,,9
2023-1-8,15:10,0,,11
2023-1-8,15:20,758,,188
2023-1-8,15:30,0,,25
2023-1-8,15:40,0,,18
2023-1-8,15:50,251,,101
2023-1-8,16:00,205,,77
2023-1-8,16:10,0,,11
2023-1-8,16:20,0,,11
2023-1-8,16:30,0,,11
2023-1-8,16:40,0,,11
2023-1-8,16:50,0,,11
2023-1-8,17:00,0,,11
2023-1-8,17:10,0,,11
2023-1-8,17:20,0,,14
2023-1-8,17:30,0,,10
2023-1-8,17:40,0,,11
2023-1-8,17:50,0,,11
2023-1-8,18:00,0,,12
2023-1-8,18:10,0,,10
2023-1-8,18:20,0,,10
2023-1-8,18:30,0,,11
2023-1-8,18:40,0,,11
2023-1-8,18:50,0,,11
2023-1-8,19:00,0,,12
2023-1-8,19:10,0,,11
2023-1-8,19:20,0,,10
2023-1-8,19:30,0,,10
2023-1-8,19:40,0,,12
2023-1-8,19:50,79,,49
2023-1-8,20:00,180,,68
2023-1-8,20:10,0,,20
2023-1-8,20:20,0,,20
2023-1-8,20:30,853,,204
2023-1-8,20:40,8,,29
2023-1-8,20:50,0,,14
2023-1-8,21:00,0,,12
2023-1-8,21:10,0,,10
2023-1-8,21:20,0,,10
2023-1-8,21:30,0,,10
2023-1-8,21:40,0,,10
2023-1-8,21:50,0,,10
2023-1-8,22:00,0,,10
2023-1-8,22:10,0,,10
2023-1-8,22:20,0,,12
2023-1-8,22:30,0,,11
2023-1-8,22:40,0,,11
2023-1-8,22:50,0,,11
2023-1-8,23:00,0,,10
2023-1-8,23:10,0,,10
2023-1-8,23:20,0,,10
2023-1-8,23:30,0,,11
2023-1-8,23:40,0,,10
2023-1-8,23:50,0,,10
2023-1-9,0:00,0,,10
2023-1-9,0:10,0,,10
2023-1-9,0:20,0,,10
2023-1-9,0:30,0,,10
2023-1-9,0:40,0,,11
2023-1-9,0:50,0,,10
2023-1-9,1:00,0,,10
2023-1-9,1:10,0,,10
2023-1-9,1:20,0,,10
2023-1-9,1:30,0,,10
2023-1-9,1:40,0,,11
2023-1-9,1:50,0,,10
2023-1-9,2:00,0,,10
2023-1-9,2:10,0,,11
2023-1-9,2:20,0,,11
2023-1-9,2:30,0,,10
2023-1-9,2:40,0,,10
2023-1-9,2:50,0,,10
2023-1-9,3:00,0,,11
2023-1-9,3:10,0,,10
2023-1-9,3:20,0,,11
2023-1-9,3:30,0,,11
2023-1-9,3:40,0,,11
2023-1-9,3:50,0,,10
2023-1-9,4:00,0,,10
2023-1-9,4:10,0,,10
2023-1-9,4:20,0,,11
2023-1-9,4:30,0,,11
2023-1-9,4:40,0,,11
2023-1-9,4:50,0,,11
2023-1-9,5:00,0,,10
2023-1-9,5:10,0,,11
2023-1-9,5:20,0,,10
2023-1-9,5:30,0,,10
2023-1-9,5:40,0,,10
2023-1-9,5:50,0,,11
2023-1-9,6:00,0,,10
2023-1-9,6:10,0,,10
2023-1-9,6:20,0,,10
2023-1-9,6:30,0,,11
2023-1-9,6:40,0,,10
2023-1-9,6:50,0,,10
2023-1-9,7:00,0,,11
2023-1-9,7:10,0,,11
2023-1-9,7:20,0,,11
2023-1-9,7:30,0,,11
2023-1-9,7:40,0,,11
2023-1-9,7:50,0,,11
2023-1-9,8:00,0,,10
2023-1-9,8:10,0,,10
2023-1-9,8:20,0,,11
2023-1-9,8:30,0,,11
2023-1-9,8:40,0,,21
2023-1-9,8:50,42,,108
2023-1-9,9:00,815,,165
2023-1-9,9:10,384,,120
2023-1-9,9:20,6,,35
2023-1-9,9:30,12,,36
2023-1-9,9:40,0,,29
2023-1-9,9:50,0,,14
2023-1-9,10:00,0,,19
2023-1-9,10:10,0,,20
2023-1-9,10:20,0,,19
2023-1-9,10:30,29,,67
2023-1-9,10:40,501,,126
2023-1-9,10:50,28,,47
2023-1-9,11:00,0,,39
2023-1-9,11:10,0,,14
2023-1-9,11:20,858,,133
2023-1-9,11:30,174,,83
2023-1-9,11:40,0,,14
2023-1-9,11:50,0,,20
2023-1-9,12:00,828,,161
2023-1-9,12:10,562,,160
2023-1-9,12:20,0,,32
2023-1-9,12:30,8,,23
2023-1-9,12:40,0,,18
2023-1-9,12:50,6,,20
2023-1-9,13:00,0,,18
2023-1-9,13:10,0,,19
2023-1-9,13:20,0,,17
2023-1-9,13:30,0,,25
2023-1-9,13:40,12,,29
2023-1-9,13:50,0,,20
2023-1-9,14:00,0,,15
2023-1-9,14:10,0,,28
2023-1-9,14:20,0,,17
2023-1-9,14:30,0,,12
2023-1-9,14:40,0,,23
2023-1-9,14:50,19,,39
2023-1-9,15:00,333,,100
2023-1-9,15:10,8,,35
2023-1-9,15:20,77,,47
2023-1-9,15:30,9,,39
2023-1-9,15:40,0,,25
2023-1-9,15:50,249,,101
2023-1-9,16:00,6,,27
2023-1-9,16:10,0,,10
2023-1-9,16:20,0,,10
2023-1-9,16:30,0,,13
2023-1-9,16:40,0,,10
2023-1-9,16:50,0,,10
2023-1-9,17:00,0,,10
2023-1-9,17:10,0,,10
2023-1-9,17:20,0,,10
2023-1-9,17:30,0,,10
2023-1-9,17:40,0,,10
2023-1-9,17:50,0,,12
2023-1-9,18:00,0,,10
2023-1-9,18:10,0,,10
2023-1-9,18:20,0,,10
2023-1-9,18:30,0,,11
2023-1-9,18:40,0,,11
2023-1-9,18:50,0,,10
2023-1-9,19:00,0,,11
2023-1-9,19:10,0,,10
2023-1-9,19:20,0,,10
2023-1-9,19:30,0,,10
2023-1-9,19:40,0,,10
2023-1-9,19:50,0,,10
2023-1-9,20:00,0,,10
2023-1-9,20:10,0,,11
2023-1-9,20:20,0,,27
2023-1-9,20:30,0,,11
2023-1-9,20:40,0,,10
2023-1-9,20:50,0,,10
2023-1-9,21:00,0,,10
2023-1-9,21:10,0,,10
2023-1-9,21:20,0,,10
2023-1-9,21:30,0,,11
2023-1-9,21:40,0,,10
2023-1-9,21:50,0,,10
2023-1-9,22:00,0,,10
2023-1-9,22:10,0,,10
2023-1-9,22:20,0,,10
2023-1-9,22:30,0,,11
2023-1-9,22:40,0,,10
2023-1-9,22:50,0,,10
2023-1-9,23:00,0,,10
2023-1-9,23:10,0,,11
2023-1-9,23:20,0,,10
2023-1-9,23:30,0,,10
2023-1-9,23:40,0,,10
2023-1-9,23:50,0,,11
2023-1-10,0:00,0,,10
2023-1-10,0:10,0,,10
2023-1-10,0:20,0,,10
2023-1-10,0:30,0,,11
2023-1-10,0:40,0,,11
2023-1-10,0:50,0,,10
2023-1-10,1:00,0,,10
2023-1-10,1:10,0,,10
2023-1-10,1:20,0,,10
2023-1-10,1:30,0,,10
2023-1-10,1:40,0,,11
2023-1-10,1:50,0,,10
2023-1-10,2:00,0,,10
2023-1-10,2:10,0,,10
2023-1-10,2:20,0,,11
2023-1-10,2:30,0,,10
2023-1-10,2:40,0,,10
2023-1-10,2:50,0,,11
2023-1-10,3:00,0,,11
2023-1-10,3:10,0,,10
2023-1-10,3:20,0,,10
2023-1-10,3:30,0,,10
2023-1-10,3:40,0,,10
2023-1-10,3:50,0,,10
2023-1-10,4:00,0,,10
2023-1-10,4:10,0,,11
2023-1-10,4:20,0,,11
2023-1-10,4:30,0,,11
2023-1-10,4:40,0,,11
2023-1-10,4:50,0,,11
2023-1-10,5:00,0,,10
2023-1-10,5:10,0,,10
2023-1-10,5:20,0,,10
2023-1-10,5:30,0,,11
2023-1-10,5:40,0,,10
2023-1-10,5:50,0,,10
2023-1-10,6:00,0,,10
2023-1-10,6:10,0,,10
2023-1-10,6:20,0,,10
2023-1-10,6:30,0,,10
2023-1-10,6:40,0,,10
2023-1-10,6:50,0,,10
2023-1-10,7:00,0,,10
2023-1-10,7:10,0,,10
2023-1-10,7:20,0,,10
2023-1-10,7:30,0,,10
2023-1-10,7:40,0,,10
2023-1-10,7:50,0,,11
2023-1-10,8:00,0,,11
2023-1-10,8:10,0,,10
2023-1-10,8:20,0,,11
2023-1-10,8:30,0,,10
2023-1-10,8:40,0,,10
2023-1-10,8:50,0,,10
2023-1-10,9:00,0,,10
2023-1-10,9:10,0,,10
2023-1-10,9:20,0,,10
2023-1-10,9:30,0,,11
2023-1-10,9:40,0,,9
2023-1-10,9:50,0,,10
2023-1-10,10:00,0,,11
2023-1-10,10:10,0,,10
2023-1-10,10:20,0,,10
2023-1-10,10:30,0,,10
2023-1-10,10:40,0,,10
2023-1-10,10:50,0,,10
2023-1-10,11:00,0,,10
2023-1-10,11:10,0,,10
2023-1-10,11:20,0,,10
2023-1-10,11:30,0,,10
2023-1-10,11:40,0,,10
2023-1-10,11:50,0,,10
2023-1-10,12:00,0,,10
2023-1-10,12:10,0,,10
2023-1-10,12:20,0,,10
2023-1-10,12:30,0,,10
2023-1-10,12:40,0,,10
2023-1-10,12:50,0,,10
2023-1-10,13:00,0,,10
2023-1-10,13:10,0,,10
2023-1-10,13:20,0,,10
2023-1-10,13:30,0,,10
2023-1-10,13:40,0,,10
2023-1-10,13:50,0,,9
2023-1-10,14:00,0,,10
2023-1-10,14:10,0,,10
2023-1-10,14:20,0,,10
2023-1-10,14:30,0,,10
2023-1-10,14:40,0,,10
2023-1-10,14:50,0,,10
2023-1-10,15:00,0,,10
2023-1-10,15:10,0,,10
2023-1-10,15:20,0,,10
2023-1-10,15:30,0,,10
2023-1-10,15:40,0,,10
2023-1-10,15:50,0,,10
2023-1-10,16:00,0,,10
2023-1-10,16:10,0,,10
2023-1-10,16:20,0,,10
2023-1-10,16:30,0,,10
2023-1-10,16:40,0,,10
2023-1-10,16:50,0,,10
2023-1-10,17:00,0,,10
2023-1-10,17:10,0,,9
2023-1-10,17:20,0,,9
2023-1-10,17:30,0,,10
2023-1-10,17:40,0,,10
2023-1-10,17:50,0,,9
2023-1-10,18:00,0,,10
2023-1-10,18:10,0,,10
2023-1-10,18:20,0,,9
2023-1-10,18:30,0,,10
2023-1-10,18:40,0,,9
2023-1-10,18:50,0,,10
2023-1-10,19:00,0,,11
2023-1-10,19:10,0,,10
2023-1-10,19:20,0,,10
2023-1-10,19:30,0,,11
2023-1-10,19:40,0,,11
2023-1-10,19:50,0,,11
2023-1-10,20:00,0,,10
2023-1-10,20:10,0,,10
2023-1-10,20:20,0,,10
2023-1-10,20:30,0,,10
2023-1-10,20:40,0,,10
2023-1-10,20:50,0,,10
2023-1-10,21:00,0,,10
2023-1-10,21:10,0,,9
2023-1-10,21:20,0,,10
2023-1-10,21:30,0,,10
2023-1-10,21:40,0,,9
2023-1-10,21:50,0,,10
2023-1-10,22:00,0,,10
2023-1-10,22:10,0,,10
2023-1-10,22:20,0,,10
2023-1-10,22:30,0,,10
2023-1-10,22:40,0,,10
2023-1-10,22:50,0,,10
2023-1-10,23:00,0,,10
2023-1-10,23:10,0,,10
2023-1-10,23:20,0,,9
2023-1-10,23:30,0,,9
2023-1-10,23:40,0,,9
2023-1-10,23:50,0,,9
2023-1-11,0:00,0,,9
2023-1-11,0:10,0,,10
2023-1-11,0:20,0,,10
2023-1-11,0:30,0,,10
2023-1-11,0:40,0,,10
2023-1-11,0:50,0,,10
2023-1-11,1:00,0,,10
2023-1-11,1:10,0,,10
2023-1-11,1:20,0,,9
2023-1-11,1:30,0,,10
2023-1-11,1:40,0,,10
2023-1-11,1:50,0,,9
2023-1-11,2:00,0,,9
2023-1-11,2:10,0,,10
2023-1-11,2:20,0,,10
2023-1-11,2:30,0,,10
2023-1-11,2:40,0,,10
2023-1-11,2:50,0,,10
2023-1-11,3:00,0,,10
2023-1-11,3:10,0,,10
2023-1-11,3:20,0,,10
2023-1-11,3:30,0,,10
2023-1-11,3:40,0,,10
2023-1-11,3:50,0,,10
2023-1-11,4:00,0,,10
2023-1-11,4:10,0,,10
2023-1-11,4:20,0,,9
2023-1-11,4:30,0,,10
2023-1-11,4:40,0,,10
2023-1-11,4:50,0,,10
2023-1-11,5:00,0,,10
2023-1-11,5:10,0,,9
2023-1-11,5:20,0,,10
2023-1-11,5:30,0,,10
2023-1-11,5:40,0,,10
2023-1-11,5:50,0,,10
2023-1-11,6:00,0,,10
2023-1-11,6:10,0,,10
2023-1-11,6:20,0,,10
2023-1-11,6:30,0,,10
2023-1-11,6:40,0,,10
2023-1-11,6:50,0,,10
2023-1-11,7:00,0,,10
2023-1-11,7:10,0,,10
2023-1-11,7:20,0,,9
2023-1-11,7:30,0,,10
2023-1-11,7:40,0,,10
2023-1-11,7:50,0,,9
2023-1-11,8:00,0,,10
2023-1-11,8:10,0,,10
2023-1-11,8:20,0,,10
2023-1-11,8:30,0,,9
2023-1-11,8:40,0,,9
2023-1-11,8:50,0,,9
2023-1-11,9:00,0,,10
2023-1-11,9:10,0,,10
2023-1-11,9:20,0,,10
2023-1-11,9:30,12,,47
2023-1-11,9:40,0,,9
2023-1-11,9:50,0,,9
2023-1-11,10:00,0,,9
2023-1-11,10:10,0,,9
2023-1-11,10:20,0,,9
2023-1-11,10:30,0,,9
2023-1-11,10:40,0,,9
2023-1-11,10:50,0,,9
2023-1-11,11:00,0,,9
2023-1-11,11:10,0,,9
2023-1-11,11:20,0,,9
2023-1-11,11:30,0,,9
2023-1-11,11:40,0,,9
2023-1-11,11:50,0,,9
2023-1-11,12:00,0,,9
2023-1-11,12:10,0,,9
2023-1-11,12:20,0,,9
2023-1-11,12:30,0,,9
2023-1-11,12:40,0,,9
2023-1-11,12:50,0,,9
2023-1-11,13:00,0,,9
2023-1-11,13:10,0,,9
2023-1-11,13:20,0,,9
2023-1-11,13:30,0,,9
2023-1-11,13:40,0,,9
2023-1-11,13:50,0,,9
2023-1-11,14:00,0,,9
2023-1-11,14:10,0,,9
2023-1-11,14:20,0,,9
2023-1-11,14:30,0,,9
2023-1-11,14:40,0,,10
2023-1-11,14:50,0,,10
2023-1-11,15:00,0,,9
2023-1-11,15:10,0,,9
2023-1-11,15:20,0,,9
2023-1-11,15:30,0,,11
2023-1-11,15:40,0,,9
2023-1-11,15:50,0,,11
2023-1-11,16:00,61,,77
2023-1-11,16:10,40,,40
2023-1-11,16:20,112,,59
2023-1-11,16:30,280,,96
2023-1-11,16:40,0,,14
2023-1-11,16:50,250,,161
2023-1-11,17:00,524,,137
2023-1-11,17:10,0,,9
2023-1-11,17:20,0,,11
2023-1-11,17:30,0,,10
2023-1-11,17:40,0,,11
2023-1-11,17:50,0,,11
2023-1-11,18:00,0,,10
2023-1-11,18:10,0,,10
2023-1-11,18:20,0,,11
2023-1-11,18:30,0,,11
2023-1-11,18:40,0,,11
2023-1-11,18:50,0,,11
2023-1-11,19:00,0,,11
2023-1-11,19:10,0,,11
2023-1-11,19:20,0,,10
2023-1-11,19:30,0,,11
2023-1-11,19:40,0,,11
2023-1-11,19:50,0,,11
2023-1-11,20:00,0,,10
2023-1-11,20:10,0,,11
2023-1-11,20:20,0,,16
2023-1-11,20:30,0,,10
2023-1-11,20:40,0,,10
2023-1-11,20:50,0,,10
2023-1-11,21:00,0,,11
2023-1-11,21:10,0,,10
2023-1-11,21:20,0,,10
2023-1-11,21:30,0,,10
2023-1-11,21:40,0,,10
2023-1-11,21:50,0,,10
2023-1-11,22:00,0,,10
2023-1-11,22:10,0,,10
2023-1-11,22:20,0,,10
2023-1-11,22:30,0,,10
2023-1-11,22:40,0,,10
2023-1-11,22:50,0,,10
2023-1-11,23:00,0,,10
2023-1-11,23:10,0,,10
2023-1-11,23:20,0,,10
2023-1-11,23:30,0,,10
2023-1-11,23:40,0,,10
2023-1-11,23:50,0,,10
2023-1-12,0:00,0,,10
2023-1-12,0:10,0,,10
2023-1-12,0:20,0,,10
2023-1-12,0:30,0,,10
2023-1-12,0:40,0,,10
2023-1-12,0:50,0,,10
2023-1-12,1:00,0,,10
2023-1-12,1:10,0,,10
2023-1-12,1:20,0,,10
2023-1-12,1:30,0,,10
2023-1-12,1:40,0,,10
2023-1-12,1:50,0,,10
2023-1-12,2:00,0,,10
2023-1-12,2:10,0,,10
2023-1-12,2:20,0,,10
2023-1-12,2:30,0,,10
2023-1-12,2:40,0,,10
2023-1-12,2:50,0,,10
2023-1-12,3:00,0,,10
2023-1-12,3:10,0,,10
2023-1-12,3:20,0,,10
2023-1-12,3:30,0,,10
2023-1-12,3:40,0,,10
2023-1-12,3:50,0,,10
2023-1-12,4:00,0,,10
2023-1-12,4:10,0,,10
2023-1-12,4:20,0,,10
2023-1-12,4:30,0,,10
2023-1-12,4:40,0,,10
2023-1-12,4:50,0,,10
2023-1-12,5:00,0,,10
2023-1-12,5:10,0,,10
2023-1-12,5:20,0,,10
2023-1-12,5:30,0,,10
2023-1-12,5:40,0,,10
2023-1-12,5:50,0,,10
2023-1-12,6:00,0,,10
2023-1-12,6:10,0,,10
2023-1-12,6:20,0,,10
2023-1-12,6:30,0,,10
2023-1-12,6:40,0,,10
2023-1-12,6:50,0,,10
2023-1-12,7:00,0,,10
2023-1-12,7:10,0,,10
2023-1-12,7:20,0,,10
2023-1-12,7:30,0,,10
2023-1-12,7:40,0,,10
2023-1-12,7:50,0,,10
2023-1-12,8:00,0,,10
2023-1-12,8:10,0,,10
2023-1-12,8:20,0,,10
2023-1-12,8:30,0,,10
2023-1-12,8:40,0,,10
2023-1-12,8:50,0,,10
2023-1-12,9:00,0,,10
2023-1-12,9:10,0,,10
2023-1-12,9:20,0,,10
2023-1-12,9:30,0,,10
2023-1-12,9:40,0,,10
2023-1-12,9:50,0,,10
2023-1-12,10:00,0,,10
2023-1-12,10:10,0,,10
2023-1-12,10:20,0,,10
2023-1-12,10:30,0,,10
2023-1-12,10:40,0,,10
2023-1-12,10:50,0,,10
2023-1-12,11:00,0,,10
2023-1-12,11:10,0,,10
2023-1-12,11:20,0,,10
2023-1-12,11:30,0,,10
2023-1-12,11:40,0,,10
2023-1-12,11:50,0,,10
2023-1-12,12:00,0,,10
2023-1-12,12:10,0,,10
2023-1-12,12:20,0,,10
2023-1-12,12:30,0,,10
2023-1-12,12:40,0,,10
2023-1-12,12:50,0,,10
2023-1-12,13:00,0,,10
2023-1-12,13:10,0,,10
2023-1-12,13:20,0,,11
2023-1-12,13:30,0,,11
2023-1-12,13:40,0,,10
2023-1-12,13:50,0,,9
2023-1-12,14:00,0,,8
2023-1-12,14:10,0,,12
2023-1-12,14:20,0,,11
2023-1-12,14:30,0,,12
2023-1-12,14:40,0,,13
2023-1-12,14:50,0,,9
2023-1-12,15:00,0,,9
2023-1-12,15:10,0,,12
2023-1-12,15:20,0,,10
2023-1-12,15:30,0,,14
2023-1-12,15:40,0,,10
2023-1-12,15:50,0,,8
2023-1-12,16:00,0,,10
2023-1-12,16:10,0,,10
2023-1-12,16:20,0,,10
2023-1-12,16:30,0,,9
2023-1-12,16:40,0,,10
2023-1-12,16:50,0,,10
2023-1-12,17:00,0,,10
2023-1-12,17:10,0,,10
2023-1-12,17:20,0,,10
2023-1-12,17:30,0,,10
2023-1-12,17:40,0,,10
2023-1-12,17:50,0,,10
2023-1-12,18:00,0,,10
2023-1-12,18:10,0,,10
2023-1-12,18:20,0,,10
2023-1-12,18:30,0,,10
2023-1-12,18:40,0,,10
2023-1-12,18:50,0,,10
2023-1-12,19:00,0,,10
2023-1-12,19:10,0,,10
2023-1-12,19:20,0,,10
2023-1-12,19:30,0,,10
2023-1-12,19:40,0,,10
2023-1-12,19:50,0,,10
2023-1-12,20:00,0,,10
2023-1-12,20:10,0,,10
2023-1-12,20:20,0,,10
2023-1-12,20:30,0,,10
2023-1-12,20:40,0,,10
2023-1-12,20:50,0,,10
2023-1-12,21:00,0,,10
2023-1-12,21:10,0,,10
2023-1-12,21:20,0,,10
2023-1-12,21:30,0,,10
2023-1-12,21:40,0,,8
2023-1-12,21:50,0,,8
2023-1-12,22:00,0,,9
2023-1-12,22:10,0,,11
2023-1-12,22:20,0,,11
2023-1-12,22:30,0,,9
2023-1-12,22:40,0,,9
2023-1-12,22:50,0,,10
2023-1-12,23:00,0,,8
2023-1-12,23:10,0,,10
2023-1-12,23:20,0,,10
2023-1-12,23:30,0,,10
2023-1-12,23:40,0,,10
2023-1-12,23:50,0,,10
2023-1-13,0:00,0,,10
2023-1-13,0:10,0,,10
2023-1-13,0:20,0,,10
2023-1-13,0:30,0,,10
2023-1-13,0:40,0,,10
2023-1-13,0:50,0,,10
2023-1-13,1:00,0,,10
2023-1-13,1:10,0,,10
2023-1-13,1:20,0,,10
2023-1-13,1:30,0,,10
2023-1-13,1:40,0,,10
2023-1-13,1:50,0,,10
2023-1-13,2:00,0,,10
2023-1-13,2:10,0,,10
2023-1-13,2:20,0,,10
2023-1-13,2:30,0,,10
2023-1-13,2:40,0,,10
2023-1-13,2:50,0,,10
2023-1-13,3:00,0,,10
2023-1-13,3:10,0,,10
2023-1-13,3:20,0,,10
2023-1-13,3:30,0,,10
2023-1-13,3:40,0,,10
2023-1-13,3:50,0,,10
2023-1-13,4:00,0,,10
2023-1-13,4:10,0,,10
2023-1-13,4:20,0,,10
2023-1-13,4:30,0,,10
2023-1-13,4:40,0,,10
2023-1-13,4:50,0,,10
2023-1-13,5:00,0,,10
2023-1-13,5:10,0,,10
2023-1-13,5:20,0,,10
2023-1-13,5:30,0,,10
2023-1-13,5:40,0,,10
2023-1-13,5:50,0,,10
2023-1-13,6:00,0,,10
2023-1-13,6:10,0,,10
2023-1-13,6:20,0,,10
2023-1-13,6:30,0,,10
2023-1-13,6:40,0,,10
2023-1-13,6:50,0,,10
2023-1-13,7:00,0,,10
2023-1-13,7:10,0,,10
2023-1-13,7:20,0,,10
2023-1-13,7:30,0,,10
2023-1-13,7:40,0,,11
2023-1-13,7:50,0,,8
2023-1-13,8:00,0,,11
2023-1-13,8:10,0,,11
2023-1-13,8:20,0,,12
2023-1-13,8:30,0,,9
2023-1-13,8:40,0,,8
2023-1-13,8:50,0,,10
2023-1-13,9:00,0,,10
2023-1-13,9:10,0,,10
2023-1-13,9:20,0,,10
2023-1-13,9:30,0,,10
2023-1-13,9:40,0,,10
2023-1-13,9:50,0,,10
2023-1-13,10:00,0,,10
2023-1-13,10:10,0,,10
2023-1-13,10:20,0,,10
2023-1-13,10:30,0,,10
2023-1-13,10:40,0,,10
2023-1-13,10:50,0,,10
2023-1-13,11:00,0,,10
2023-1-13,11:10,0,,10
2023-1-13,11:20,0,,10
2023-1-13,11:30,0,,10
2023-1-13,11:40,0,,10
2023-1-13,11:50,0,,10
2023-1-13,12:00,0,,10
2023-1-13,12:10,0,,10
2023-1-13,12:20,0,,10
2023-1-13,12:30,0,,11
2023-1-13,12:40,0,,10
2023-1-13,12:50,0,,10
2023-1-13,13:00,0,,10
2023-1-13,13:10,0,,10
2023-1-13,13:20,0,,10
2023-1-13,13:30,0,,10
2023-1-13,13:40,0,,10
2023-1-13,13:50,0,,10
2023-1-13,14:00,0,,10
2023-1-13,14:10,0,,10
2023-1-13,14:20,0,,10
2023-1-13,14:30,0,,10
2023-1-13,14:40,0,,10
2023-1-13,14:50,0,,10
2023-1-13,15:00,0,,10
2023-1-13,15:10,0,,10
2023-1-13,15:20,0,,10
2023-1-13,15:30,0,,10
2023-1-13,15:40,0,,10
2023-1-13,15:50,0,,10
2023-1-13,16:00,0,,10
2023-1-13,16:10,0,,10
2023-1-13,16:20,0,,10
2023-1-13,16:30,0,,10
2023-1-13,16:40,0,,10
2023-1-13,16:50,0,,10
2023-1-13,17:00,0,,10
2023-1-13,17:10,0,,10
2023-1-13,17:20,0,,10
2023-1-13,17:30,0,,10
2023-1-13,17:40,0,,10
2023-1-13,17:50,0,,10
2023-1-13,18:00,0,,10
2023-1-13,18:10,0,,10
2023-1-13,18:20,0,,10
2023-1-13,18:30,0,,10
2023-1-13,18:40,0,,10
2023-1-13,18:50,0,,10
2023-1-13,19:00,0,,10
2023-1-13,19:10,0,,10
2023-1-13,19:20,0,,10
2023-1-13,19:30,0,,10
2023-1-13,19:40,0,,10
2023-1-13,19:50,0,,10
2023-1-13,20:00,0,,10
2023-1-13,20:10,0,,10
2023-1-13,20:20,0,,11
2023-1-13,20:30,0,,10
2023-1-13,20:40,0,,10
2023-1-13,20:50,0,,10
2023-1-13,21:00,0,,10
2023-1-13,21:10,0,,10
2023-1-13,21:20,0,,10
2023-1-13,21:30,0,,10
2023-1-13,21:40,0,,10
2023-1-13,21:50,0,,10
2023-1-13,22:00,0,,10
2023-1-13,22:10,0,,8
2023-1-13,22:20,0,,14
2023-1-13,22:30,0,,10
2023-1-13,22:40,0,,11
2023-1-13,22:50,0,,10
2023-1-13,23:00,0,,10
2023-1-13,23:10,0,,10
2023-1-13,23:20,0,,11
2023-1-13,23:30,0,,10
2023-1-13,23:40,0,,11
2023-1-13,23:50,0,,10
2023-1-14,0:00,0,,10
2023-1-14,0:10,0,,10
2023-1-14,0:20,0,,11
2023-1-14,0:30,0,,11
2023-1-14,0:40,0,,11
2023-1-14,0:50,0,,10
2023-1-14,1:00,0,,10
2023-1-14,1:10,0,,11
2023-1-14,1:20,0,,10
2023-1-14,1:30,0,,10
2023-1-14,1:40,0,,10
2023-1-14,1:50,0,,11
2023-1-14,2:00,0,,11
2023-1-14,2:10,0,,10
2023-1-14,2:20,0,,10
2023-1-14,2:30,0,,11
2023-1-14,2:40,0,,10
2023-1-14,2:50,0,,11
2023-1-14,3:00,0,,11
2023-1-14,3:10,0,,11
2023-1-14,3:20,0,,11
2023-1-14,3:30,0,,11
2023-1-14,3:40,0,,10
2023-1-14,3:50,0,,11
2023-1-14,4:00,0,,11
2023-1-14,4:10,0,,10
2023-1-14,4:20,0,,10
2023-1-14,4:30,0,,10
2023-1-14,4:40,0,,11
2023-1-14,4:50,0,,10
2023-1-14,5:00,0,,10
2023-1-14,5:10,0,,10
2023-1-14,5:20,0,,10
2023-1-14,5:30,0,,10
2023-1-14,5:40,0,,11
2023-1-14,5:50,0,,11
2023-1-14,6:00,0,,10
2023-1-14,6:10,0,,10
2023-1-14,6:20,0,,10
2023-1-14,6:30,0,,11
2023-1-14,6:40,0,,11
2023-1-14,6:50,0,,11
2023-1-14,7:00,0,,10
2023-1-14,7:10,0,,10
2023-1-14,7:20,0,,11
2023-1-14,7:30,0,,10
2023-1-14,7:40,0,,10
2023-1-14,7:50,0,,11
2023-1-14,8:00,0,,10
2023-1-14,8:10,0,,10
2023-1-14,8:20,0,,11
2023-1-14,8:30,0,,11
2023-1-14,8:40,0,,10
2023-1-14,8:50,0,,11
2023-1-14,9:00,0,,12
2023-1-14,9:10,0,,10
2023-1-14,9:20,0,,10
2023-1-14,9:30,0,,11
2023-1-14,9:40,0,,10
2023-1-14,9:50,0,,11
2023-1-14,10:00,0,,10
2023-1-14,10:10,0,,10
2023-1-14,10:20,0,,10
2023-1-14,10:30,0,,10
2023-1-14,10:40,0,,11
2023-1-14,10:50,0,,10
2023-1-14,11:00,0,,11
2023-1-14,11:10,0,,10
2023-1-14,11:20,0,,10
2023-1-14,11:30,0,,10
2023-1-14,11:40,0,,11
2023-1-14,11:50,0,,10
2023-1-14,12:00,0,,11
2023-1-14,12:10,0,,10
2023-1-14,12:20,0,,10
2023-1-14,12:30,0,,10
2023-1-14,12:40,0,,11
2023-1-14,12:50,0,,10
2023-1-14,13:00,0,,10
2023-1-14,13:10,0,,10
2023-1-14,13:20,0,,11
2023-1-14,13:30,0,,10
2023-1-14,13:40,0,,11
2023-1-14,13:50,0,,11
2023-1-14,14:00,0,,11
2023-1-14,14:10,0,,10
2023-1-14,14:20,0,,11
2023-1-14,14:30,0,,10
2023-1-14,14:40,0,,10
2023-1-14,14:50,0,,10
2023-1-14,15:00,0,,10
2023-1-14,15:10,0,,10
2023-1-14,15:20,0,,10
2023-1-14,15:30,0,,10
2023-1-14,15:40,0,,10
2023-1-14,15:50,0,,10
2023-1-14,16:00,0,,11
2023-1-14,16:10,0,,11
2023-1-14,16:20,0,,10
2023-1-14,16:30,0,,10
2023-1-14,16:40,0,,10
2023-1-14,16:50,0,,11
2023-1-14,17:00,0,,10
2023-1-14,17:10,0,,10
2023-1-14,17:20,0,,16
2023-1-14,17:30,0,,9
2023-1-14,17:40,0,,11
2023-1-14,17:50,0,,11
2023-1-14,18:00,0,,11
2023-1-14,18:10,0,,11
2023-1-14,18:20,0,,11
2023-1-14,18:30,0,,11
2023-1-14,18:40,0,,11
2023-1-14,18:50,0,,9
2023-1-14,19:00,0,,12
2023-1-14,19:10,0,,10
2023-1-14,19:20,0,,10
2023-1-14,19:30,0,,10
2023-1-14,19:40,0,,10
2023-1-14,19:50,0,,10
2023-1-14,20:00,0,,10
2023-1-14,20:10,0,,10
2023-1-14,20:20,0,,10
2023-1-14,20:30,0,,10
2023-1-14,20:40,0,,10
2023-1-14,20:50,0,,10
2023-1-14,21:00,0,,10
2023-1-14,21:10,0,,10
2023-1-14,21:20,0,,10
2023-1-14,21:30,0,,10
2023-1-14,21:40,0,,10
2023-1-14,21:50,0,,10
2023-1-14,22:00,0,,10
2023-1-14,22:10,0,,10
2023-1-14,22:20,0,,10
2023-1-14,22:30,0,,10
2023-1-14,22:40,0,,10
2023-1-14,22:50,0,,10
2023-1-14,23:00,0,,10
2023-1-14,23:10,0,,10
2023-1-14,23:20,0,,10
2023-1-14,23:30,0,,10
2023-1-14,23:40,0,,10
2023-1-14,23:50,0,,10
2023-1-15,0:00,0,,10
2023-1-15,0:10,0,,9
2023-1-15,0:20,0,,10
2023-1-15,0:30,0,,10
2023-1-15,0:40,0,,10
2023-1-15,0:50,0,,10
2023-1-15,1:00,0,,10
2023-1-15,1:10,0,,10
2023-1-15,1:20,0,,10
2023-1-15,1:30,0,,10
2023-1-15,1:40,0,,10
2023-1-15,1:50,0,,10
2023-1-15,2:00,0,,10
2023-1-15,2:10,0,,10
2023-1-15,2:20,0,,10
2023-1-15,2:30,0,,10
2023-1-15,2:40,0,,10
2023-1-15,2:50,0,,10
2023-1-15,3:00,0,,10
2023-1-15,3:10,0,,10
2023-1-15,3:20,0,,10
2023-1-15,3:30,0,,10
2023-1-15,3:40,0,,10
2023-1-15,3:50,0,,9
2023-1-15,4:00,0,,10
2023-1-15,4:10,0,,10
2023-1-15,4:20,0,,10
2023-1-15,4:30,0,,10
2023-1-15,4:40,0,,10
2023-1-15,4:50,0,,10
2023-1-15,5:00,0,,10
2023-1-15,5:10,0,,10
2023-1-15,5:20,0,,9
2023-1-15,5:30,0,,10
2023-1-15,5:40,0,,10
2023-1-15,5:50,0,,10
2023-1-15,6:00,0,,10
2023-1-15,6:10,0,,10
2023-1-15,6:20,0,,10
2023-1-15,6:30,0,,10
2023-1-15,6:40,0,,10
2023-1-15,6:50,0,,10
2023-1-15,7:00,0,,10
2023-1-15,7:10,0,,10
2023-1-15,7:20,0,,10
2023-1-15,7:30,0,,10
2023-1-15,7:40,0,,10
2023-1-15,7:50,0,,10
2023-1-15,8:00,0,,10
2023-1-15,8:10,0,,10
2023-1-15,8:20,0,,10
2023-1-15,8:30,0,,10
2023-1-15,8:40,0,,10
2023-1-15,8:50,0,,10
2023-1-15,9:00,0,,10
2023-1-15,9:10,0,,10
2023-1-15,9:20,0,,11
2023-1-15,9:30,0,,11
2023-1-15,9:40,0,,11
2023-1-15,9:50,0,,11
2023-1-15,10:00,0,,11
2023-1-15,10:10,0,,11
2023-1-15,10:20,0,,11
2023-1-15,10:30,0,,11
2023-1-15,10:40,0,,11
2023-1-15,10:50,0,,11
2023-1-15,11:00,0,,12
2023-1-15,11:10,0,,11
2023-1-15,11:20,0,,11
2023-1-15,11:30,0,,11
2023-1-15,11:40,0,,11
2023-1-15,11:50,0,,12
2023-1-15,12:00,0,,11
2023-1-15,12:10,0,,12
2023-1-15,12:20,0,,12
2023-1-15,12:30,0,,11
2023-1-15,12:40,0,,11
2023-1-15,12:50,0,,11
2023-1-15,13:00,0,,11
2023-1-15,13:10,0,,11
2023-1-15,13:20,0,,11
2023-1-15,13:30,0,,11
2023-1-15,13:40,0,,12
2023-1-15,13:50,0,,11
2023-1-15,14:00,0,,12
2023-1-15,14:10,0,,12
2023-1-15,14:20,0,,11
2023-1-15,14:30,0,,11
2023-1-15,14:40,0,,11
2023-1-15,14:50,0,,11
2023-1-15,15:00,0,,11
2023-1-15,15:10,0,,11
2023-1-15,15:20,0,,12
2023-1-15,15:30,0,,11
2023-1-15,15:40,0,,12
2023-1-15,15:50,0,,11
2023-1-15,16:00,0,,11
2023-1-15,16:10,0,,11
2023-1-15,16:20,0,,11
2023-1-15,16:30,0,,12
2023-1-15,16:40,0,,12
2023-1-15,16:50,0,,12
2023-1-15,17:00,0,,11
2023-1-15,17:10,0,,11
2023-1-15,17:20,0,,12
2023-1-15,17:30,0,,11
2023-1-15,17:40,0,,12
2023-1-15,17:50,0,,11
2023-1-15,18:00,0,,11
2023-1-15,18:10,0,,10
2023-1-15,18:20,0,,11
2023-1-15,18:30,0,,11
2023-1-15,18:40,0,,11
2023-1-15,18:50,0,,11
2023-1-15,19:00,0,,11
2023-1-15,19:10,0,,11
2023-1-15,19:20,0,,11
2023-1-15,19:30,0,,11
2023-1-15,19:40,0,,11
2023-1-15,19:50,0,,11
2023-1-15,20:00,0,,11
2023-1-15,20:10,0,,11
2023-1-15,20:20,0,,11
2023-1-15,20:30,0,,11
2023-1-15,20:40,0,,11
2023-1-15,20:50,0,,11
2023-1-15,21:00,0,,11
2023-1-15,21:10,0,,11
2023-1-15,21:20,0,,11
2023-1-15,21:30,0,,11
2023-1-15,21:40,0,,11
2023-1-15,21:50,0,,11
2023-1-15,22:00,0,,11
2023-1-15,22:10,0,,11
2023-1-15,22:20,0,,11
2023-1-15,22:30,0,,11
2023-1-15,22:40,0,,11
2023-1-15,22:50,0,,11
2023-1-15,23:00,0,,11
2023-1-15,23:10,0,,11
2023-1-15,23:20,0,,11
2023-1-15,23:30,0,,11
2023-1-15,23:40,0,,11
2023-1-15,23:50,0,,11
2023-1-16,0:00,0,,11
2023-1-16,0:10,0,,11
2023-1-16,0:20,0,,11
2023-1-16,0:30,0,,11
2023-1-16,0:40,0,,11
2023-1-16,0:50,0,,11
2023-1-16,1:00,0,,11
2023-1-16,1:10,0,,12
2023-1-16,1:20,0,,11
2023-1-16,1:30,0,,11
2023-1-16,1:40,0,,10
2023-1-16,1:50,0,,11
2023-1-16,2:00,0,,11
2023-1-16,2:10,0,,11
2023-1-16,2:20,0,,10
2023-1-16,2:30,0,,11
2023-1-16,2:40,0,,11
2023-1-16,2:50,0,,12
2023-1-16,3:00,0,,11
2023-1-16,3:10,0,,11
2023-1-16,3:20,0,,11
2023-1-16,3:30,0,,11
2023-1-16,3:40,0,,11
2023-1-16,3:50,0,,11
2023-1-16,4:00,0,,11
2023-1-16,4:10,0,,11
2023-1-16,4:20,0,,11
2023-1-16,4:30,0,,11
2023-1-16,4:40,0,,11
2023-1-16,4:50,0,,11
2023-1-16,5:00,0,,11
2023-1-16,5:10,0,,11
2023-1-16,5:20,0,,11
2023-1-16,5:30,0,,11
2023-1-16,5:40,0,,11
2023-1-16,5:50,0,,11
2023-1-16,6:00,0,,11
2023-1-16,6:10,0,,11
2023-1-16,6:20,0,,11
2023-1-16,6:30,0,,11
2023-1-16,6:40,0,,11
2023-1-16,6:50,0,,11
2023-1-16,7:00,0,,11
2023-1-16,7:10,0,,11
2023-1-16,7:20,0,,11
2023-1-16,7:30,0,,11
2023-1-16,7:40,0,,11
2023-1-16,7:50,0,,11
2023-1-16,8:00,0,,11
2023-1-16,8:10,0,,11
2023-1-16,8:20,0,,11
2023-1-16,8:30,0,,11
2023-1-16,8:40,0,,11
2023-1-16,8:50,0,,11
2023-1-16,9:00,0,,11
2023-1-16,9:10,0,,11
2023-1-16,9:20,0,,11
2023-1-16,9:30,0,,11
2023-1-16,9:40,0,,11
2023-1-16,9:50,0,,12
2023-1-16,10:00,0,,11
2023-1-16,10:10,0,,11
2023-1-16,10:20,0,,11
2023-1-16,10:30,0,,11
2023-1-16,10:40,0,,11
2023-1-16,10:50,0,,11
2023-1-16,11:00,0,,11
2023-1-16,11:10,0,,12
2023-1-16,11:20,0,,10
2023-1-16,11:30,0,,11
2023-1-16,11:40,0,,10
2023-1-16,11:50,0,,8
2023-1-16,12:00,0,,10
2023-1-16,12:10,0,,10
2023-1-16,12:20,0,,10
2023-1-16,12:30,0,,10
2023-1-16,12:40,0,,10
2023-1-16,12:50,0,,9
2023-1-16,13:00,0,,11
2023-1-16,13:10,0,,10
2023-1-16,13:20,0,,11
2023-1-16,13:30,0,,11
2023-1-16,13:40,0,,11
2023-1-16,13:50,0,,12
2023-1-16,14:00,0,,11
2023-1-16,14:10,0,,11
2023-1-16,14:20,0,,11
2023-1-16,14:30,0,,11
2023-1-16,14:40,0,,11
2023-1-16,14:50,0,,11
2023-1-16,15:00,0,,11
2023-1-16,15:10,0,,10
2023-1-16,15:20,0,,11
2023-1-16,15:30,0,,10
2023-1-16,15:40,0,,11
2023-1-16,15:50,0,,11
2023-1-16,16:00,0,,10
2023-1-16,16:10,0,,10
2023-1-16,16:20,0,,10
2023-1-16,16:30,0,,11
2023-1-16,16:40,0,,10
2023-1-16,16:50,0,,11
2023-1-16,17:00,0,,11
2023-1-16,17:10,0,,10
2023-1-16,17:20,0,,10
2023-1-16,17:30,0,,10
2023-1-16,17:40,0,,10
2023-1-16,17:50,0,,10
2023-1-16,18:00,0,,10
2023-1-16,18:10,0,,10
2023-1-16,18:20,0,,10
2023-1-16,18:30,0,,10
2023-1-16,18:40,0,,11
2023-1-16,18:50,0,,10
2023-1-16,19:00,0,,10
2023-1-16,19:10,0,,10
2023-1-16,19:20,0,,10
2023-1-16,19:30,0,,10
2023-1-16,19:40,0,,10
2023-1-16,19:50,0,,10
2023-1-16,20:00,0,,10
2023-1-16,20:10,0,,10
2023-1-16,20:20,0,,10
2023-1-16,20:30,0,,10
2023-1-16,20:40,0,,10
2023-1-16,20:50,0,,10
2023-1-16,21:00,0,,10
2023-1-16,21:10,0,,10
2023-1-16,21:20,0,,10
2023-1-16,21:30,0,,10
2023-1-16,21:40,0,,10
2023-1-16,21:50,0,,10
2023-1-16,22:00,0,,10
2023-1-16,22:10,0,,10
2023-1-16,22:20,0,,10
2023-1-16,22:30,0,,10
2023-1-16,22:40,0,,10
2023-1-16,22:50,0,,10
2023-1-16,23:00,0,,19
2023-1-16,23:10,0,,10
2023-1-16,23:20,0,,11
2023-1-16,23:30,0,,11
2023-1-16,23:40,0,,11
2023-1-16,23:50,0,,10
2023-1-17,0:00,0,,11
2023-1-17,0:10,0,,10
2023-1-17,0:20,0,,11
2023-1-17,0:30,0,,11
2023-1-17,0:40,0,,11
2023-1-17,0:50,0,,11
2023-1-17,1:00,0,,11
2023-1-17,1:10,0,,11
2023-1-17,1:20,0,,11
2023-1-17,1:30,0,,11
2023-1-17,1:40,0,,11
2023-1-17,1:50,0,,10
2023-1-17,2:00,0,,11
2023-1-17,2:10,0,,11
2023-1-17,2:20,0,,10
2023-1-17,2:30,0,,10
2023-1-17,2:40,0,,11
2023-1-17,2:50,0,,11
2023-1-17,3:00,0,,11
2023-1-17,3:10,0,,10
2023-1-17,3:20,0,,11
2023-1-17,3:30,0,,10
2023-1-17,3:40,0,,11
2023-1-17,3:50,0,,11
2023-1-17,4:00,0,,10
2023-1-17,4:10,0,,11
2023-1-17,4:20,0,,11
2023-1-17,4:30,0,,10
2023-1-17,4:40,0,,11
2023-1-17,4:50,0,,10
2023-1-17,5:00,0,,10
2023-1-17,5:10,0,,11
2023-1-17,5:20,0,,10
2023-1-17,5:30,0,,10
2023-1-17,5:40,0,,11
2023-1-17,5:50,0,,11
2023-1-17,6:00,0,,11
2023-1-17,6:10,0,,11
2023-1-17,6:20,0,,11
2023-1-17,6:30,0,,10
2023-1-17,6:40,0,,10
2023-1-17,6:50,0,,11
2023-1-17,7:00,0,,11
2023-1-17,7:10,0,,11
2023-1-17,7:20,0,,11
2023-1-17,7:30,0,,11
2023-1-17,7:40,0,,11
2023-1-17,7:50,0,,10
2023-1-17,8:00,0,,11
2023-1-17,8:10,0,,10
2023-1-17,8:20,29,,66
2023-1-17,8:30,0,,56
2023-1-17,8:40,21,,27
2023-1-17,8:50,11,,23
2023-1-17,9:00,23,,77
2023-1-17,9:10,7,,46
2023-1-17,9:20,0,,11
2023-1-17,9:30,0,,11
2023-1-17,9:40,0,,11
2023-1-17,9:50,0,,11
2023-1-17,10:00,0,,11
2023-1-17,10:10,0,,11
2023-1-17,10:20,0,,11
2023-1-17,10:30,0,,11
2023-1-17,10:40,0,,11
2023-1-17,10:50,0,,11
2023-1-17,11:00,0,,11
2023-1-17,11:10,0,,11
2023-1-17,11:20,0,,11
2023-1-17,11:30,0,,11
2023-1-17,11:40,0,,11
2023-1-17,11:50,0,,11
2023-1-17,12:00,0,,11
2023-1-17,12:10,0,,11
2023-1-17,12:20,0,,11
2023-1-17,12:30,0,,11
2023-1-17,12:40,0,,11
2023-1-17,12:50,0,,11
2023-1-17,13:00,0,,11
2023-1-17,13:10,0,,11
2023-1-17,13:20,0,,11
2023-1-17,13:30,0,,10
2023-1-17,13:40,0,,11
2023-1-17,13:50,0,,11
2023-1-17,14:00,0,,11
2023-1-17,14:10,0,,11
2023-1-17,14:20,0,,11
2023-1-17,14:30,0,,10
2023-1-17,14:40,0,,11
2023-1-17,14:50,0,,11
2023-1-17,15:00,0,,10
2023-1-17,15:10,0,,11
2023-1-17,15:20,0,,11
2023-1-17,15:30,0,,11
2023-1-17,15:40,0,,11
2023-1-17,15:50,0,,11
2023-1-17,16:00,0,,11
2023-1-17,16:10,0,,11
2023-1-17,16:20,0,,11
2023-1-17,16:30,0,,11
2023-1-17,16:40,0,,11
2023-1-17,16:50,0,,11
2023-1-17,17:00,0,,11
2023-1-17,17:10,0,,11
2023-1-17,17:20,0,,11
2023-1-17,17:30,0,,11
2023-1-17,17:40,0,,11
2023-1-17,17:50,0,,11
2023-1-17,18:00,0,,10
2023-1-17,18:10,0,,11
2023-1-17,18:20,0,,11
2023-1-17,18:30,0,,11
2023-1-17,18:40,0,,11
2023-1-17,18:50,0,,11
2023-1-17,19:00,0,,11
2023-1-17,19:10,0,,11
2023-1-17,19:20,0,,11
2023-1-17,19:30,0,,11
2023-1-17,19:40,0,,11
2023-1-17,19:50,0,,11
2023-1-17,20:00,0,,11
2023-1-17,20:10,0,,11
2023-1-17,20:20,0,,11
2023-1-17,20:30,0,,11
2023-1-17,20:40,0,,11
2023-1-17,20:50,0,,11
2023-1-17,21:00,0,,11
2023-1-17,21:10,0,,11
2023-1-17,21:20,0,,11
2023-1-17,21:30,0,,10
2023-1-17,21:40,0,,11
2023-1-17,21:50,0,,11
2023-1-17,22:00,0,,11
2023-1-17,22:10,0,,11
2023-1-17,22:20,0,,11
2023-1-17,22:30,0,,11
2023-1-17,22:40,0,,11
2023-1-17,22:50,0,,11
2023-1-17,23:00,0,,11
2023-1-17,23:10,0,,11
2023-1-17,23:20,0,,11
2023-1-17,23:30,0,,11
2023-1-17,23:40,0,,11
2023-1-17,23:50,0,,11
2023-1-18,0:00,0,,11
2023-1-18,0:10,0,,11
2023-1-18,0:20,0,,11
2023-1-18,0:30,0,,11
2023-1-18,0:40,0,,11
2023-1-18,0:50,0,,11
2023-1-18,1:00,0,,11
2023-1-18,1:10,0,,11
2023-1-18,1:20,0,,11
2023-1-18,1:30,0,,11
2023-1-18,1:40,0,,11
2023-1-18,1:50,0,,11
2023-1-18,2:00,0,,11
2023-1-18,2:10,0,,11
2023-1-18,2:20,0,,11
2023-1-18,2:30,0,,11
2023-1-18,2:40,0,,11
2023-1-18,2:50,0,,11
2023-1-18,3:00,0,,11
2023-1-18,3:10,0,,11
2023-1-18,3:20,0,,11
2023-1-18,3:30,0,,11
2023-1-18,3:40,0,,11
2023-1-18,3:50,0,,11
2023-1-18,4:00,0,,11
2023-1-18,4:10,0,,11
2023-1-18,4:20,0,,11
2023-1-18,4:30,0,,11
2023-1-18,4:40,0,,11
2023-1-18,4:50,0,,11
2023-1-18,5:00,0,,11
2023-1-18,5:10,0,,11
2023-1-18,5:20,0,,11
2023-1-18,5:30,0,,11
2023-1-18,5:40,0,,11
2023-1-18,5:50,0,,11
2023-1-18,6:00,0,,11
2023-1-18,6:10,0,,11
2023-1-18,6:20,0,,11
2023-1-18,6:30,0,,11
2023-1-18,6:40,0,,11
2023-1-18,6:50,0,,11
2023-1-18,7:00,0,,11
2023-1-18,7:10,0,,11
2023-1-18,7:20,0,,11
2023-1-18,7:30,0,,11
2023-1-18,7:40,0,,11
2023-1-18,7:50,0,,11
2023-1-18,8:00,0,,11
2023-1-18,8:10,0,,11
2023-1-18,8:20,0,,11
2023-1-18,8:30,0,,11
2023-1-18,8:40,0,,11
2023-1-18,8:50,0,,11
2023-1-18,9:00,0,,11
2023-1-18,9:10,0,,11
2023-1-18,9:20,0,,12
2023-1-18,9:30,0,,11
2023-1-18,9:40,0,,11
2023-1-18,9:50,0,,11
2023-1-18,10:00,0,,11
2023-1-18,10:10,0,,11
2023-1-18,10:20,0,,11
2023-1-18,10:30,0,,11
2023-1-18,10:40,0,,11
2023-1-18,10:50,0,,11
2023-1-18,11:00,0,,11
2023-1-18,11:10,0,,11
2023-1-18,11:20,0,,11
2023-1-18,11:30,0,,11
2023-1-18,11:40,0,,11
2023-1-18,11:50,0,,10
2023-1-18,12:00,0,,11
2023-1-18,12:10,0,,11
2023-1-18,12:20,0,,11
2023-1-18,12:30,0,,11
2023-1-18,12:40,0,,11
2023-1-18,12:50,0,,11
2023-1-18,13:00,0,,11
2023-1-18,13:10,0,,11
2023-1-18,13:20,0,,11
2023-1-18,13:30,0,,12
2023-1-18,13:40,0,,11
2023-1-18,13:50,0,,11
2023-1-18,14:00,0,,11
2023-1-18,14:10,0,,11
2023-1-18,14:20,0,,11
2023-1-18,14:30,0,,11
2023-1-18,14:40,0,,11
2023-1-18,14:50,0,,11
2023-1-18,15:00,0,,11
2023-1-18,15:10,0,,11
2023-1-18,15:20,0,,11
2023-1-18,15:30,0,,11
2023-1-18,15:40,0,,11
2023-1-18,15:50,0,,11
2023-1-18,16:00,0,,11
2023-1-18,16:10,0,,11
2023-1-18,16:20,0,,11
2023-1-18,16:30,0,,11
2023-1-18,16:40,0,,11
2023-1-18,16:50,0,,11
2023-1-18,17:00,0,,11
2023-1-18,17:10,0,,11
2023-1-18,17:20,0,,11
2023-1-18,17:30,0,,11
2023-1-18,17:40,0,,11
2023-1-18,17:50,0,,11
2023-1-18,18:00,0,,11
2023-1-18,18:10,0,,11
2023-1-18,18:20,0,,11
2023-1-18,18:30,0,,11
2023-1-18,18:40,0,,11
2023-1-18,18:50,0,,11
2023-1-18,19:00,0,,10
2023-1-18,19:10,0,,11
2023-1-18,19:20,0,,10
2023-1-18,19:30,0,,11
2023-1-18,19:40,0,,11
2023-1-18,19:50,0,,11
2023-1-18,20:00,0,,11
2023-1-18,20:10,0,,11
2023-1-18,20:20,0,,11
2023-1-18,20:30,0,,11
2023-1-18,20:40,0,,11
2023-1-18,20:50,0,,11
2023-1-18,21:00,0,,11
2023-1-18,21:10,0,,11
2023-1-18,21:20,0,,11
2023-1-18,21:30,0,,11
2023-1-18,21:40,0,,11
2023-1-18,21:50,0,,11
2023-1-18,22:00,0,,11
2023-1-18,22:10,0,,11
2023-1-18,22:20,0,,11
2023-1-18,22:30,0,,11
2023-1-18,22:40,0,,10
2023-1-18,22:50,0,,11
2023-1-18,23:00,0,,11
2023-1-18,23:10,0,,11
2023-1-18,23:20,0,,11
2023-1-18,23:30,0,,11
2023-1-18,23:40,0,,11
2023-1-18,23:50,0,,11
2023-1-19,0:00,0,,11
2023-1-19,0:10,0,,11
2023-1-19,0:20,0,,11
2023-1-19,0:30,0,,11
2023-1-19,0:40,0,,11
2023-1-19,0:50,0,,11
2023-1-19,1:00,0,,11
2023-1-19,1:10,0,,11
2023-1-19,1:20,0,,11
2023-1-19,1:30,0,,11
2023-1-19,1:40,0,,11
2023-1-19,1:50,0,,11
2023-1-19,2:00,0,,11
2023-1-19,2:10,0,,11
2023-1-19,2:20,0,,11
2023-1-19,2:30,0,,11
2023-1-19,2:40,0,,11
2023-1-19,2:50,0,,11
2023-1-19,3:00,0,,11
2023-1-19,3:10,0,,11
2023-1-19,3:20,0,,11
2023-1-19,3:30,0,,11
2023-1-19,3:40,0,,11
2023-1-19,3:50,0,,11
2023-1-19,4:00,0,,11
2023-1-19,4:10,0,,11
2023-1-19,4:20,0,,11
2023-1-19,4:30,0,,11
2023-1-19,4:40,0,,11
2023-1-19,4:50,0,,11
2023-1-19,5:00,0,,11
2023-1-19,5:10,0,,11
2023-1-19,5:20,0,,11
2023-1-19,5:30,0,,11
2023-1-19,5:40,0,,11
2023-1-19,5:50,0,,11
2023-1-19,6:00,0,,11
2023-1-19,6:10,0,,11
2023-1-19,6:20,0,,11
2023-1-19,6:30,0,,11
2023-1-19,6:40,0,,11
2023-1-19,6:50,0,,11
2023-1-19,7:00,0,,11
2023-1-19,7:10,0,,11
2023-1-19,7:20,0,,11
2023-1-19,7:30,0,,11
2023-1-19,7:40,0,,11
2023-1-19,7:50,0,,11
2023-1-19,8:00,0,,11
2023-1-19,8:10,0,,11
2023-1-19,8:20,0,,11
2023-1-19,8:30,0,,11
2023-1-19,8:40,0,,11
2023-1-19,8:50,0,,11
2023-1-19,9:00,0,,11
2023-1-19,9:10,0,,11
2023-1-19,9:20,0,,11
2023-1-19,9:30,0,,11
2023-1-19,9:40,0,,11
2023-1-19,9:50,0,,10
2023-1-19,10:00,0,,11
2023-1-19,10:10,0,,11
2023-1-19,10:20,0,,11
2023-1-19,10:30,0,,11
2023-1-19,10:40,0,,11
2023-1-19,10:50,0,,11
2023-1-19,11:00,0,,11
2023-1-19,11:10,0,,11
2023-1-19,11:20,0,,11
2023-1-19,11:30,0,,11
2023-1-19,11:40,0,,11
2023-1-19,11:50,0,,11
2023-1-19,12:00,0,,11
2023-1-19,12:10,0,,11
2023-1-19,12:20,0,,11
2023-1-19,12:30,0,,11
2023-1-19,12:40,0,,11
2023-1-19,12:50,0,,11
2023-1-19,13:00,0,,11
2023-1-19,13:10,0,,11
2023-1-19,13:20,0,,11
2023-1-19,13:30,0,,11
2023-1-19,13:40,0,,11
2023-1-19,13:50,0,,11
2023-1-19,14:00,0,,11
2023-1-19,14:10,0,,11
2023-1-19,14:20,0,,11
2023-1-19,14:30,0,,11
2023-1-19,14:40,0,,11
2023-1-19,14:50,0,,11
2023-1-19,15:00,0,,11
2023-1-19,15:10,0,,11
2023-1-19,15:20,0,,11
2023-1-19,15:30,0,,11
2023-1-19,15:40,0,,11
2023-1-19,15:50,0,,11
2023-1-19,16:00,0,,11
2023-1-19,16:10,0,,11
2023-1-19,16:20,0,,11
2023-1-19,16:30,0,,11
2023-1-19,16:40,0,,11
2023-1-19,16:50,0,,11
2023-1-19,17:00,0,,11
2023-1-19,17:10,0,,11
2023-1-19,17:20,0,,11
2023-1-19,17:30,0,,11
2023-1-19,17:40,0,,11
2023-1-19,17:50,0,,10
2023-1-19,18:00,0,,11
2023-1-19,18:10,0,,11
2023-1-19,18:20,0,,11
2023-1-19,18:30,0,,10
2023-1-19,18:40,0,,11
2023-1-19,18:50,0,,11
2023-1-19,19:00,0,,11
2023-1-19,19:10,0,,11
2023-1-19,19:20,0,,11
2023-1-19,19:30,0,,11
2023-1-19,19:40,0,,11
2023-1-19,19:50,0,,11
2023-1-19,20:00,0,,11
2023-1-19,20:10,0,,11
2023-1-19,20:20,0,,11
2023-1-19,20:30,0,,11
2023-1-19,20:40,0,,11
2023-1-19,20:50,0,,11
2023-1-19,21:00,0,,11
2023-1-19,21:10,0,,11
2023-1-19,21:20,0,,10
2023-1-19,21:30,0,,11
2023-1-19,21:40,0,,11
2023-1-19,21:50,0,,11
2023-1-19,22:00,0,,11
2023-1-19,22:10,0,,11
2023-1-19,22:20,0,,11
2023-1-19,22:30,0,,11
2023-1-19,22:40,0,,11
2023-1-19,22:50,0,,11
2023-1-19,23:00,0,,11
2023-1-19,23:10,0,,11
2023-1-19,23:20,0,,11
2023-1-19,23:30,0,,11
2023-1-19,23:40,0,,11
2023-1-19,23:50,0,,11
2023-1-20,0:00,0,,11
2023-1-20,0:10,0,,11
2023-1-20,0:20,0,,10
2023-1-20,0:30,0,,11
2023-1-20,0:40,0,,11
2023-1-20,0:50,0,,10
2023-1-20,1:00,0,,11
2023-1-20,1:10,0,,11
2023-1-20,1:20,0,,11
2023-1-20,1:30,0,,11
2023-1-20,1:40,0,,11
2023-1-20,1:50,0,,11
2023-1-20,2:00,0,,11
2023-1-20,2:10,0,,11
2023-1-20,2:20,0,,10
2023-1-20,2:30,0,,11
2023-1-20,2:40,0,,11
2023-1-20,2:50,0,,11
2023-1-20,3:00,0,,11
2023-1-20,3:10,0,,11
2023-1-20,3:20,0,,11
2023-1-20,3:30,0,,11
2023-1-20,3:40,0,,11
2023-1-20,3:50,0,,11
2023-1-20,4:00,0,,11
2023-1-20,4:10,0,,11
2023-1-20,4:20,0,,11
2023-1-20,4:30,0,,11
2023-1-20,4:40,0,,11
2023-1-20,4:50,0,,11
2023-1-20,5:00,0,,11
2023-1-20,5:10,0,,11
2023-1-20,5:20,0,,11
2023-1-20,5:30,0,,11
2023-1-20,5:40,0,,11
2023-1-20,5:50,0,,11
2023-1-20,6:00,0,,11
2023-1-20,6:10,0,,11
2023-1-20,6:20,0,,10
2023-1-20,6:30,0,,11
2023-1-20,6:40,0,,11
2023-1-20,6:50,0,,11
2023-1-20,7:00,0,,11
2023-1-20,7:10,0,,11
2023-1-20,7:20,0,,11
2023-1-20,7:30,0,,11
2023-1-20,7:40,0,,11
2023-1-20,7:50,0,,11
2023-1-20,8:00,0,,11
2023-1-20,8:10,0,,11
2023-1-20,8:20,0,,11
2023-1-20,8:30,0,,10
2023-1-20,8:40,0,,11
2023-1-20,8:50,0,,11
2023-1-20,9:00,0,,11
2023-1-20,9:10,0,,11
2023-1-20,9:20,0,,11
2023-1-20,9:30,0,,11
2023-1-20,9:40,0,,11
2023-1-20,9:50,0,,11
2023-1-20,10:00,0,,11
2023-1-20,10:10,0,,11
2023-1-20,10:20,0,,11
2023-1-20,10:30,0,,11
2023-1-20,10:40,0,,11
2023-1-20,10:50,0,,11
2023-1-20,11:00,0,,11
2023-1-20,11:10,0,,11
2023-1-20,11:20,0,,11
2023-1-20,11:30,0,,11
2023-1-20,11:40,0,,11
2023-1-20,11:50,0,,11
2023-1-20,12:00,0,,11
2023-1-20,12:10,0,,11
2023-1-20,12:20,0,,11
2023-1-20,12:30,0,,11
2023-1-20,12:40,0,,11
2023-1-20,12:50,0,,11
2023-1-20,13:00,0,,11
2023-1-20,13:10,0,,11
2023-1-20,13:20,0,,11
2023-1-20,13:30,0,,11
2023-1-20,13:40,0,,11
2023-1-20,13:50,0,,10
2023-1-20,14:00,0,,11
2023-1-20,14:10,0,,11
2023-1-20,14:20,0,,11
2023-1-20,14:30,0,,11
2023-1-20,14:40,0,,11
2023-1-20,14:50,0,,11
2023-1-20,15:00,0,,11
2023-1-20,15:10,0,,11
2023-1-20,15:20,0,,11
2023-1-20,15:30,0,,11
2023-1-20,15:40,0,,11
2023-1-20,15:50,0,,11
2023-1-20,16:00,0,,11
2023-1-20,16:10,0,,11
2023-1-20,16:20,0,,11
2023-1-20,16:30,0,,11
2023-1-20,16:40,0,,11
2023-1-20,16:50,0,,11
2023-1-20,17:00,0,,11
2023-1-20,17:10,0,,11
2023-1-20,17:20,0,,11
2023-1-20,17:30,0,,11
2023-1-20,17:40,0,,11
2023-1-20,17:50,0,,11
2023-1-20,18:00,0,,11
2023-1-20,18:10,0,,11
2023-1-20,18:20,0,,11
2023-1-20,18:30,0,,11
2023-1-20,18:40,0,,11
2023-1-20,18:50,0,,11
2023-1-20,19:00,0,,10
2023-1-20,19:10,0,,11
2023-1-20,19:20,0,,11
2023-1-20,19:30,0,,11
2023-1-20,19:40,0,,11
2023-1-20,19:50,0,,11
2023-1-20,20:00,0,,11
2023-1-20,20:10,0,,11
2023-1-20,20:20,0,,11
2023-1-20,20:30,0,,11
2023-1-20,20:40,0,,11
2023-1-20,20:50,0,,11
2023-1-20,21:00,0,,11
2023-1-20,21:10,0,,11
2023-1-20,21:20,0,,11
2023-1-20,21:30,0,,11
2023-1-20,21:40,0,,11
2023-1-20,21:50,0,,11
2023-1-20,22:00,0,,11
2023-1-20,22:10,0,,11
2023-1-20,22:20,0,,11
2023-1-20,22:30,0,,11
2023-1-20,22:40,0,,11
2023-1-20,22:50,0,,11
2023-1-20,23:00,0,,13
2023-1-20,23:10,0,,11
2023-1-20,23:20,0,,10
2023-1-20,23:30,0,,11
2023-1-20,23:40,0,,11
2023-1-20,23:50,0,,11
2023-1-21,0:00,0,,11
2023-1-21,0:10,0,,11
2023-1-21,0:20,0,,11
2023-1-21,0:30,0,,11
2023-1-21,0:40,0,,11
2023-1-21,0:50,0,,11
2023-1-21,1:00,0,,11
2023-1-21,1:10,0,,11
2023-1-21,1:20,0,,11
2023-1-21,1:30,0,,11
2023-1-21,1:40,0,,10
2023-1-21,1:50,0,,11
2023-1-21,2:00,0,,11
2023-1-21,2:10,0,,10
2023-1-21,2:20,0,,11
2023-1-21,2:30,0,,10
2023-1-21,2:40,0,,10
2023-1-21,2:50,0,,11
2023-1-21,3:00,0,,10
2023-1-21,3:10,0,,11
2023-1-21,3:20,0,,11
2023-1-21,3:30,0,,11
2023-1-21,3:40,0,,11
2023-1-21,3:50,0,,11
2023-1-21,4:00,0,,11
2023-1-21,4:10,0,,11
2023-1-21,4:20,0,,10
2023-1-21,4:30,0,,11
2023-1-21,4:40,0,,11
2023-1-21,4:50,0,,11
2023-1-21,5:00,0,,11
2023-1-21,5:10,0,,11
2023-1-21,5:20,0,,11
2023-1-21,5:30,0,,11
2023-1-21,5:40,0,,11
2023-1-21,5:50,0,,11
2023-1-21,6:00,0,,10
2023-1-21,6:10,0,,11
2023-1-21,6:20,0,,11
2023-1-21,6:30,0,,11
2023-1-21,6:40,0,,11
2023-1-21,6:50,0,,10
2023-1-21,7:00,0,,11
2023-1-21,7:10,0,,11
2023-1-21,7:20,0,,11
2023-1-21,7:30,0,,11
2023-1-21,7:40,0,,11
2023-1-21,7:50,0,,11
2023-1-21,8:00,0,,11
2023-1-21,8:10,0,,11
2023-1-21,8:20,0,,11
2023-1-21,8:30,0,,10
2023-1-21,8:40,0,,10
2023-1-21,8:50,0,,11
2023-1-21,9:00,0,,11
2023-1-21,9:10,0,,10
2023-1-21,9:20,0,,11
2023-1-21,9:30,0,,11
2023-1-21,9:40,0,,10
2023-1-21,9:50,0,,11
2023-1-21,10:00,0,,11
2023-1-21,10:10,0,,11
2023-1-21,10:20,0,,11
2023-1-21,10:30,0,,11
2023-1-21,10:40,0,,11
2023-1-21,10:50,0,,11
2023-1-21,11:00,0,,10
2023-1-21,11:10,0,,11
2023-1-21,11:20,0,,11
2023-1-21,11:30,0,,10
2023-1-21,11:40,0,,10
2023-1-21,11:50,0,,10
2023-1-21,12:00,0,,11
2023-1-21,12:10,0,,11
2023-1-21,12:20,0,,10
2023-1-21,12:30,0,,11
2023-1-21,12:40,0,,10
2023-1-21,12:50,0,,11
2023-1-21,13:00,0,,10
2023-1-21,13:10,0,,11
2023-1-21,13:20,0,,10
2023-1-21,13:30,0,,10
2023-1-21,13:40,0,,11
2023-1-21,13:50,0,,11
2023-1-21,14:00,0,,39
2023-1-21,14:10,373,,137
2023-1-21,14:20,749,,152
2023-1-21,14:30,51,,75
2023-1-21,14:40,376,,98
2023-1-21,14:50,585,,122
2023-1-21,15:00,84,,87
2023-1-21,15:10,7,,17
2023-1-21,15:20,7,,22
2023-1-21,15:30,0,,18
2023-1-21,15:40,15,,27
2023-1-21,15:50,0,,8
2023-1-21,16:00,0,,10
2023-1-21,16:10,0,,18
2023-1-21,16:20,32,,35
2023-1-21,16:30,70,,61
2023-1-21,16:40,82,,63
2023-1-21,16:50,24,,45
2023-1-21,17:00,49,,81
2023-1-21,17:10,19,,33
2023-1-21,17:20,8,,20
2023-1-21,17:30,0,,38
2023-1-21,17:40,0,,15
2023-1-21,17:50,7,,34
2023-1-21,18:00,518,,133
2023-1-21,18:10,338,,98
2023-1-21,18:20,287,,103
2023-1-21,18:30,242,,71
2023-1-21,18:40,6,,36
2023-1-21,18:50,6,,38
2023-1-21,19:00,687,,119
2023-1-21,19:10,21,,57
2023-1-21,19:20,14,,37
2023-1-21,19:30,6,,43
2023-1-21,19:40,37,,44
2023-1-21,19:50,6,,22
2023-1-21,20:00,0,,17
2023-1-21,20:10,0,,29
2023-1-21,20:20,6,,44
2023-1-21,20:30,18,,30
2023-1-21,20:40,13,,37
2023-1-21,20:50,7,,25
2023-1-21,21:00,0,,30
2023-1-21,21:10,8,,27
2023-1-21,21:20,0,,31
2023-1-21,21:30,0,,23
2023-1-21,21:40,133,,79
2023-1-21,21:50,54,,54
2023-1-21,22:00,743,,146
2023-1-21,22:10,6,,30
2023-1-21,22:20,0,,42
2023-1-21,22:30,0,,32
2023-1-21,22:40,329,,133
2023-1-21,22:50,424,,165
2023-1-21,23:00,0,,8
2023-1-21,23:10,0,,11
2023-1-21,23:20,0,,11
2023-1-21,23:30,0,,22
2023-1-21,23:40,0,,11
2023-1-21,23:50,0,,11
2023-1-22,0:00,0,,10
2023-1-22,0:10,0,,11
2023-1-22,0:20,0,,11
2023-1-22,0:30,0,,11
2023-1-22,0:40,0,,11
2023-1-22,0:50,0,,11
2023-1-22,1:00,0,,11
2023-1-22,1:10,0,,11
2023-1-22,1:20,0,,11
2023-1-22,1:30,0,,11
2023-1-22,1:40,0,,11
2023-1-22,1:50,0,,11
2023-1-22,2:00,0,,11
2023-1-22,2:10,0,,11
2023-1-22,2:20,0,,11
2023-1-22,2:30,0,,11
2023-1-22,2:40,0,,11
2023-1-22,2:50,0,,11
2023-1-22,3:00,0,,11
2023-1-22,3:10,0,,11
2023-1-22,3:20,0,,11
2023-1-22,3:30,0,,11
2023-1-22,3:40,0,,11
2023-1-22,3:50,0,,11
2023-1-22,4:00,0,,11
2023-1-22,4:10,0,,11
2023-1-22,4:20,0,,11
2023-1-22,4:30,0,,11
2023-1-22,4:40,0,,11
2023-1-22,4:50,0,,11
2023-1-22,5:00,0,,11
2023-1-22,5:10,0,,11
2023-1-22,5:20,0,,11
2023-1-22,5:30,0,,11
2023-1-22,5:40,0,,11
2023-1-22,5:50,0,,11
2023-1-22,6:00,0,,11
2023-1-22,6:10,0,,11
2023-1-22,6:20,0,,11
2023-1-22,6:30,0,,11
2023-1-22,6:40,0,,11
2023-1-22,6:50,0,,11
2023-1-22,7:00,0,,11
2023-1-22,7:10,0,,11
2023-1-22,7:20,0,,11
2023-1-22,7:30,0,,11
2023-1-22,7:40,0,,11
2023-1-22,7:50,0,,11
2023-1-22,8:00,0,,11
2023-1-22,8:10,0,,11
2023-1-22,8:20,0,,11
2023-1-22,8:30,0,,11
2023-1-22,8:40,0,,11
2023-1-22,8:50,0,,11
2023-1-22,9:00,0,,11
2023-1-22,9:10,0,,11
2023-1-22,9:20,0,,11
2023-1-22,9:30,0,,11
2023-1-22,9:40,0,,11
2023-1-22,9:50,0,,11
2023-1-22,10:00,0,,11
2023-1-22,10:10,0,,11
2023-1-22,10:20,0,,11
2023-1-22,10:30,0,,11
2023-1-22,10:40,0,,11
2023-1-22,10:50,0,,11
2023-1-22,11:00,0,,11
2023-1-22,11:10,0,,11
2023-1-22,11:20,0,,11
2023-1-22,11:30,0,,11
2023-1-22,11:40,0,,11
2023-1-22,11:50,0,,11
2023-1-22,12:00,0,,11
2023-1-22,12:10,0,,11
2023-1-22,12:20,0,,11
2023-1-22,12:30,0,,11
2023-1-22,12:40,0,,11
2023-1-22,12:50,0,,11
2023-1-22,13:00,0,,11
2023-1-22,13:10,0,,11
2023-1-22,13:20,0,,11
2023-1-22,13:30,0,,11
2023-1-22,13:40,0,,11
2023-1-22,13:50,0,,11
2023-1-22,14:00,0,,11
2023-1-22,14:10,0,,11
2023-1-22,14:20,0,,11
2023-1-22,14:30,0,,11
2023-1-22,14:40,0,,11
2023-1-22,14:50,0,,11
2023-1-22,15:00,0,,11
2023-1-22,15:10,0,,11
2023-1-22,15:20,0,,11
2023-1-22,15:30,0,,10
2023-1-22,15:40,0,,11
2023-1-22,15:50,0,,11
2023-1-22,16:00,0,,11
2023-1-22,16:10,0,,11
2023-1-22,16:20,0,,11
2023-1-22,16:30,0,,11
2023-1-22,16:40,0,,11
2023-1-22,16:50,0,,11
2023-1-22,17:00,0,,11
2023-1-22,17:10,0,,11
2023-1-22,17:20,0,,11
2023-1-22,17:30,0,,10
2023-1-22,17:40,0,,11
2023-1-22,17:50,0,,11
2023-1-22,18:00,0,,11
2023-1-22,18:10,0,,11
2023-1-22,18:20,0,,11
2023-1-22,18:30,0,,10
2023-1-22,18:40,0,,10
2023-1-22,18:50,0,,10
2023-1-22,19:00,0,,11
2023-1-22,19:10,0,,11
2023-1-22,19:20,0,,11
2023-1-22,19:30,0,,11
2023-1-22,19:40,0,,10
2023-1-22,19:50,0,,11
2023-1-22,20:00,0,,11
2023-1-22,20:10,0,,11
2023-1-22,20:20,0,,11
2023-1-22,20:30,0,,11
2023-1-22,20:40,0,,11
2023-1-22,20:50,0,,11
2023-1-22,21:00,0,,11
2023-1-22,21:10,0,,11
2023-1-22,21:20,0,,10
2023-1-22,21:30,0,,10
2023-1-22,21:40,0,,10
2023-1-22,21:50,0,,10
2023-1-22,22:00,0,,10
2023-1-22,22:10,0,,10
2023-1-22,22:20,0,,11
2023-1-22,22:30,0,,11
2023-1-22,22:40,0,,9
2023-1-22,22:50,0,,10
2023-1-22,23:00,0,,11
2023-1-22,23:10,0,,11
2023-1-22,23:20,0,,10
2023-1-22,23:30,0,,10
2023-1-22,23:40,0,,10
2023-1-22,23:50,0,,10
2023-1-23,0:00,0,,10
2023-1-23,0:10,0,,10
2023-1-23,0:20,0,,10
2023-1-23,0:30,0,,11
2023-1-23,0:40,0,,11
2023-1-23,0:50,0,,11
2023-1-23,1:00,0,,11
2023-1-23,1:10,0,,10
2023-1-23,1:20,0,,10
2023-1-23,1:30,0,,11
2023-1-23,1:40,0,,11
2023-1-23,1:50,0,,11
2023-1-23,2:00,0,,10
2023-1-23,2:10,0,,11
2023-1-23,2:20,0,,11
2023-1-23,2:30,0,,11
2023-1-23,2:40,0,,11
2023-1-23,2:50,0,,11
2023-1-23,3:00,0,,11
2023-1-23,3:10,0,,11
2023-1-23,3:20,0,,11
2023-1-23,3:30,0,,11
2023-1-23,3:40,0,,11
2023-1-23,3:50,0,,11
2023-1-23,4:00,0,,11
2023-1-23,4:10,0,,10
2023-1-23,4:20,0,,11
2023-1-23,4:30,0,,11
2023-1-23,4:40,0,,11
2023-1-23,4:50,0,,11
2023-1-23,5:00,0,,10
2023-1-23,5:10,0,,11
2023-1-23,5:20,0,,10
2023-1-23,5:30,0,,11
2023-1-23,5:40,0,,11
2023-1-23,5:50,0,,11
2023-1-23,6:00,0,,11
2023-1-23,6:10,0,,11
2023-1-23,6:20,0,,10
2023-1-23,6:30,0,,10
2023-1-23,6:40,0,,10
2023-1-23,6:50,0,,11
2023-1-23,7:00,0,,11
2023-1-23,7:10,0,,11
2023-1-23,7:20,0,,11
2023-1-23,7:30,0,,11
2023-1-23,7:40,0,,10
2023-1-23,7:50,0,,11
2023-1-23,8:00,0,,11
2023-1-23,8:10,0,,11
2023-1-23,8:20,0,,11
2023-1-23,8:30,0,,11
2023-1-23,8:40,0,,11
2023-1-23,8:50,0,,11
2023-1-23,9:00,0,,11
2023-1-23,9:10,0,,11
2023-1-23,9:20,0,,11
2023-1-23,9:30,0,,10
2023-1-23,9:40,0,,10
2023-1-23,9:50,0,,10
2023-1-23,10:00,0,,11
2023-1-23,10:10,0,,10
2023-1-23,10:20,0,,10
2023-1-23,10:30,0,,10
2023-1-23,10:40,0,,11
2023-1-23,10:50,0,,10
2023-1-23,11:00,0,,10
2023-1-23,11:10,0,,10
2023-1-23,11:20,0,,10
2023-1-23,11:30,0,,14
2023-1-23,11:40,0,,11
2023-1-23,11:50,0,,10
2023-1-23,12:00,0,,11
2023-1-23,12:10,0,,10
2023-1-23,12:20,0,,11
2023-1-23,12:30,0,,11
2023-1-23,12:40,0,,10
2023-1-23,12:50,0,,10
2023-1-23,13:00,0,,11
2023-1-23,13:10,0,,10
2023-1-23,13:20,0,,11
2023-1-23,13:30,0,,11
2023-1-23,13:40,0,,10
2023-1-23,13:50,0,,11
2023-1-23,14:00,0,,11
2023-1-23,14:10,0,,11
2023-1-23,14:20,0,,10
2023-1-23,14:30,0,,11
2023-1-23,14:40,0,,10
2023-1-23,14:50,0,,11
2023-1-23,15:00,0,,11
2023-1-23,15:10,0,,10
2023-1-23,15:20,0,,10
2023-1-23,15:30,0,,11
2023-1-23,15:40,0,,11
2023-1-23,15:50,0,,11
2023-1-23,16:00,0,,11
2023-1-23,16:10,0,,10
2023-1-23,16:20,0,,11
2023-1-23,16:30,0,,11
2023-1-23,16:40,0,,10
2023-1-23,16:50,0,,11
2023-1-23,17:00,0,,11
2023-1-23,17:10,0,,10
2023-1-23,17:20,0,,10
2023-1-23,17:30,0,,10
2023-1-23,17:40,0,,11
2023-1-23,17:50,0,,11
2023-1-23,18:00,0,,11
2023-1-23,18:10,0,,10
2023-1-23,18:20,0,,11
2023-1-23,18:30,0,,11
2023-1-23,18:40,0,,11
2023-1-23,18:50,0,,11
2023-1-23,19:00,0,,11
2023-1-23,19:10,0,,11
2023-1-23,19:20,0,,11
2023-1-23,19:30,0,,11
2023-1-23,19:40,0,,11
2023-1-23,19:50,0,,10
2023-1-23,20:00,0,,10
2023-1-23,20:10,0,,10
2023-1-23,20:20,0,,10
2023-1-23,20:30,0,,10
2023-1-23,20:40,0,,11
2023-1-23,20:50,0,,11
2023-1-23,21:00,0,,11
2023-1-23,21:10,0,,10
2023-1-23,21:20,0,,11
2023-1-23,21:30,0,,11
2023-1-23,21:40,0,,10
2023-1-23,21:50,0,,11
2023-1-23,22:00,0,,10
2023-1-23,22:10,0,,11
2023-1-23,22:20,0,,10
2023-1-23,22:30,0,,11
2023-1-23,22:40,0,,10
2023-1-23,22:50,0,,11
2023-1-23,23:00,0,,9
2023-1-23,23:10,0,,10
2023-1-23,23:20,0,,10
2023-1-23,23:30,0,,10
2023-1-23,23:40,0,,10
2023-1-23,23:50,0,,10
2023-1-24,0:00,0,,10
2023-1-24,0:10,0,,10
2023-1-24,0:20,0,,10
2023-1-24,0:30,0,,10
2023-1-24,0:40,0,,10
2023-1-24,0:50,0,,10
2023-1-24,1:00,0,,10
2023-1-24,1:10,0,,10
2023-1-24,1:20,0,,10
2023-1-24,1:30,0,,10
2023-1-24,1:40,0,,10
2023-1-24,1:50,0,,10
2023-1-24,2:00,0,,10
2023-1-24,2:10,0,,10
2023-1-24,2:20,0,,10
2023-1-24,2:30,0,,10
2023-1-24,2:40,0,,10
2023-1-24,2:50,0,,9
2023-1-24,3:00,0,,10
2023-1-24,3:10,0,,10
2023-1-24,3:20,0,,10
2023-1-24,3:30,0,,10
2023-1-24,3:40,0,,10
2023-1-24,3:50,0,,10
2023-1-24,4:00,0,,10
2023-1-24,4:10,0,,10
2023-1-24,4:20,0,,10
2023-1-24,4:30,0,,10
2023-1-24,4:40,0,,10
2023-1-24,4:50,0,,10
2023-1-24,5:00,0,,10
2023-1-24,5:10,0,,10
2023-1-24,5:20,0,,10
2023-1-24,5:30,0,,10
2023-1-24,5:40,0,,10
2023-1-24,5:50,0,,10
2023-1-24,6:00,0,,10
2023-1-24,6:10,0,,10
2023-1-24,6:20,0,,10
2023-1-24,6:30,0,,10
2023-1-24,6:40,0,,10
2023-1-24,6:50,0,,10
2023-1-24,7:00,0,,10
2023-1-24,7:10,0,,10
2023-1-24,7:20,0,,10
2023-1-24,7:30,0,,10
2023-1-24,7:40,0,,10
2023-1-24,7:50,0,,10
2023-1-24,8:00,0,,10
2023-1-24,8:10,0,,10
2023-1-24,8:20,0,,10
2023-1-24,8:30,0,,10
2023-1-24,8:40,0,,10
2023-1-24,8:50,0,,10
2023-1-24,9:00,0,,10
2023-1-24,9:10,0,,10
2023-1-24,9:20,0,,11
2023-1-24,9:30,0,,10
2023-1-24,9:40,0,,10
2023-1-24,9:50,0,,11
2023-1-24,10:00,0,,11
2023-1-24,10:10,0,,11
2023-1-24,10:20,0,,11
2023-1-24,10:30,0,,11
2023-1-24,10:40,0,,11
2023-1-24,10:50,0,,11
2023-1-24,11:00,0,,11
2023-1-24,11:10,0,,11
2023-1-24,11:20,0,,11
2023-1-24,11:30,0,,11
2023-1-24,11:40,0,,11
2023-1-24,11:50,0,,11
2023-1-24,12:00,0,,11
2023-1-24,12:10,0,,11
2023-1-24,12:20,0,,11
2023-1-24,12:30,0,,11
2023-1-24,12:40,0,,11
2023-1-24,12:50,0,,11
2023-1-24,13:00,0,,11
2023-1-24,13:10,0,,11
2023-1-24,13:20,0,,11
2023-1-24,13:30,0,,11
2023-1-24,13:40,0,,11
2023-1-24,13:50,0,,10
2023-1-24,14:00,0,,11
2023-1-24,14:10,0,,11
2023-1-24,14:20,0,,11
2023-1-24,14:30,0,,11
2023-1-24,14:40,0,,11
2023-1-24,14:50,0,,11
2023-1-24,15:00,0,,11
2023-1-24,15:10,0,,8
2023-1-24,15:20,0,,10
2023-1-24,15:30,0,,10
2023-1-24,15:40,0,,10
2023-1-24,15:50,0,,8
2023-1-24,16:00,0,,10
2023-1-24,16:10,0,,10
2023-1-24,16:20,0,,10
2023-1-24,16:30,0,,10
2023-1-24,16:40,0,,10
2023-1-24,16:50,0,,10
2023-1-24,17:00,0,,10
2023-1-24,17:10,0,,10
2023-1-24,17:20,0,,10
2023-1-24,17:30,0,,10
2023-1-24,17:40,0,,10
2023-1-24,17:50,0,,10
2023-1-24,18:00,0,,10
2023-1-24,18:10,0,,10
2023-1-24,18:20,0,,10
2023-1-24,18:30,0,,10
2023-1-24,18:40,0,,10
2023-1-24,18:50,0,,10
2023-1-24,19:00,0,,10
2023-1-24,19:10,0,,10
2023-1-24,19:20,0,,10
2023-1-24,19:30,0,,10
2023-1-24,19:40,0,,10
2023-1-24,19:50,0,,10
2023-1-24,20:00,0,,10
2023-1-24,20:10,0,,10
2023-1-24,20:20,0,,10
2023-1-24,20:30,0,,10
2023-1-24,20:40,0,,10
2023-1-24,20:50,0,,10
2023-1-24,21:00,0,,10
2023-1-24,21:10,0,,10
2023-1-24,21:20,0,,10
2023-1-24,21:30,0,,10
2023-1-24,21:40,0,,10
2023-1-24,21:50,0,,10
2023-1-24,22:00,0,,10
2023-1-24,22:10,0,,10
2023-1-24,22:20,0,,10
2023-1-24,22:30,0,,10
2023-1-24,22:40,0,,10
2023-1-24,22:50,0,,10
2023-1-24,23:00,0,,10
2023-1-24,23:10,0,,10
2023-1-24,23:20,0,,9
2023-1-24,23:30,0,,10
2023-1-24,23:40,0,,10
2023-1-24,23:50,0,,10
2023-1-25,0:00,0,,11
2023-1-25,0:10,0,,10
2023-1-25,0:20,0,,10
2023-1-25,0:30,0,,10
2023-1-25,0:40,0,,10
2023-1-25,0:50,0,,10
2023-1-25,1:00,0,,10
2023-1-25,1:10,0,,10
2023-1-25,1:20,0,,10
2023-1-25,1:30,0,,10
2023-1-25,1:40,0,,10
2023-1-25,1:50,0,,10
2023-1-25,2:00,0,,10
2023-1-25,2:10,0,,10
2023-1-25,2:20,0,,10
2023-1-25,2:30,0,,10
2023-1-25,2:40,0,,10
2023-1-25,2:50,0,,10
2023-1-25,3:00,0,,10
2023-1-25,3:10,0,,10
2023-1-25,3:20,0,,10
2023-1-25,3:30,0,,10
2023-1-25,3:40,0,,10
2023-1-25,3:50,0,,10
2023-1-25,4:00,0,,10
2023-1-25,4:10,0,,10
2023-1-25,4:20,0,,10
2023-1-25,4:30,0,,10
2023-1-25,4:40,0,,10
2023-1-25,4:50,0,,10
2023-1-25,5:00,0,,10
2023-1-25,5:10,0,,10
2023-1-25,5:20,0,,10
2023-1-25,5:30,0,,10
2023-1-25,5:40,0,,10
2023-1-25,5:50,0,,10
2023-1-25,6:00,0,,10
2023-1-25,6:10,0,,10
2023-1-25,6:20,0,,10
2023-1-25,6:30,0,,10
2023-1-25,6:40,0,,10
2023-1-25,6:50,0,,10
2023-1-25,7:00,0,,10
2023-1-25,7:10,0,,10
2023-1-25,7:20,0,,10
2023-1-25,7:30,0,,10
2023-1-25,7:40,0,,10
2023-1-25,7:50,0,,10
2023-1-25,8:00,0,,10
2023-1-25,8:10,0,,10
2023-1-25,8:20,0,,10
2023-1-25,8:30,9,,19
2023-1-25,8:40,0,,9
2023-1-25,8:50,0,,11
2023-1-25,9:00,0,,11
2023-1-25,9:10,0,,11
2023-1-25,9:20,0,,11
2023-1-25,9:30,0,,11
2023-1-25,9:40,0,,11
2023-1-25,9:50,0,,11
2023-1-25,10:00,0,,11
2023-1-25,10:10,0,,11
2023-1-25,10:20,0,,11
2023-1-25,10:30,0,,11
2023-1-25,10:40,0,,11
2023-1-25,10:50,0,,11
2023-1-25,11:00,0,,11
2023-1-25,11:10,0,,11
2023-1-25,11:20,0,,11
2023-1-25,11:30,0,,11
2023-1-25,11:40,0,,11
2023-1-25,11:50,0,,11
2023-1-25,12:00,0,,11
2023-1-25,12:10,0,,11
2023-1-25,12:20,0,,10
2023-1-25,12:30,0,,11
2023-1-25,12:40,0,,11
2023-1-25,12:50,0,,11
2023-1-25,13:00,0,,11
2023-1-25,13:10,0,,11
2023-1-25,13:20,0,,11
2023-1-25,13:30,0,,11
2023-1-25,13:40,0,,11
2023-1-25,13:50,0,,11
2023-1-25,14:00,0,,11
2023-1-25,14:10,0,,11
2023-1-25,14:20,0,,11
2023-1-25,14:30,0,,11
2023-1-25,14:40,0,,11
2023-1-25,14:50,0,,11
2023-1-25,15:00,0,,10
2023-1-25,15:10,0,,11
2023-1-25,15:20,0,,10
2023-1-25,15:30,0,,11
2023-1-25,15:40,0,,11
2023-1-25,15:50,0,,11
2023-1-25,16:00,0,,11
2023-1-25,16:10,0,,11
2023-1-25,16:20,0,,11
2023-1-25,16:30,0,,11
2023-1-25,16:40,0,,11
2023-1-25,16:50,0,,11
2023-1-25,17:00,0,,11
2023-1-25,17:10,0,,11
2023-1-25,17:20,0,,11
2023-1-25,17:30,0,,11
2023-1-25,17:40,0,,11
2023-1-25,17:50,0,,11
2023-1-25,18:00,0,,11
2023-1-25,18:10,0,,11
2023-1-25,18:20,0,,11
2023-1-25,18:30,0,,11
2023-1-25,18:40,0,,11
2023-1-25,18:50,0,,11
2023-1-25,19:00,0,,11
2023-1-25,19:10,0,,11
2023-1-25,19:20,0,,11
2023-1-25,19:30,0,,10
2023-1-25,19:40,0,,11
2023-1-25,19:50,0,,11
2023-1-25,20:00,0,,11
2023-1-25,20:10,0,,11
2023-1-25,20:20,0,,11
2023-1-25,20:30,0,,11
2023-1-25,20:40,0,,11
2023-1-25,20:50,0,,11
2023-1-25,21:00,0,,11
2023-1-25,21:10,0,,11
2023-1-25,21:20,0,,11
2023-1-25,21:30,0,,11
2023-1-25,21:40,0,,11
2023-1-25,21:50,0,,11
2023-1-25,22:00,0,,11
2023-1-25,22:10,0,,11
2023-1-25,22:20,0,,11
2023-1-25,22:30,0,,11
2023-1-25,22:40,0,,11
2023-1-25,22:50,0,,11
2023-1-25,23:00,0,,11
2023-1-25,23:10,0,,11
2023-1-25,23:20,0,,11
2023-1-25,23:30,0,,11
2023-1-25,23:40,0,,11
2023-1-25,23:50,0,,11
2023-1-26,0:00,0,,11
2023-1-26,0:10,0,,11
2023-1-26,0:20,0,,11
2023-1-26,0:30,0,,11
2023-1-26,0:40,0,,11
2023-1-26,0:50,0,,11
2023-1-26,1:00,0,,11
2023-1-26,1:10,0,,11
2023-1-26,1:20,0,,11
2023-1-26,1:30,0,,11
2023-1-26,1:40,0,,11
2023-1-26,1:50,0,,11
2023-1-26,2:00,0,,11
2023-1-26,2:10,0,,11
2023-1-26,2:20,0,,11
2023-1-26,2:30,0,,11
2023-1-26,2:40,0,,11
2023-1-26,2:50,0,,11
2023-1-26,3:00,0,,11
2023-1-26,3:10,0,,11
2023-1-26,3:20,0,,11
2023-1-26,3:30,0,,11
2023-1-26,3:40,0,,11
2023-1-26,3:50,0,,11
2023-1-26,4:00,0,,11
2023-1-26,4:10,0,,11
2023-1-26,4:20,0,,11
2023-1-26,4:30,0,,11
2023-1-26,4:40,0,,11
2023-1-26,4:50,0,,11
2023-1-26,5:00,0,,11
2023-1-26,5:10,0,,11
2023-1-26,5:20,0,,11
2023-1-26,5:30,0,,11
2023-1-26,5:40,0,,11
2023-1-26,5:50,0,,11
2023-1-26,6:00,0,,11
2023-1-26,6:10,0,,11
2023-1-26,6:20,0,,11
2023-1-26,6:30,0,,11
2023-1-26,6:40,0,,11
2023-1-26,6:50,0,,11
2023-1-26,7:00,0,,11
2023-1-26,7:10,0,,11
2023-1-26,7:20,0,,11
2023-1-26,7:30,0,,11
2023-1-26,7:40,0,,11
2023-1-26,7:50,0,,11
2023-1-26,8:00,0,,11
2023-1-26,8:10,0,,11
2023-1-26,8:20,0,,11
2023-1-26,8:30,0,,11
2023-1-26,8:40,0,,11
2023-1-26,8:50,0,,11
2023-1-26,9:00,0,,11
2023-1-26,9:10,0,,11
2023-1-26,9:20,0,,11
2023-1-26,9:30,0,,11
2023-1-26,9:40,0,,11
2023-1-26,9:50,0,,11
2023-1-26,10:00,0,,11
2023-1-26,10:10,0,,11
2023-1-26,10:20,0,,11
2023-1-26,10:30,0,,11
2023-1-26,10:40,0,,11
2023-1-26,10:50,0,,11
2023-1-26,11:00,0,,11
2023-1-26,11:10,0,,11
2023-1-26,11:20,0,,11
2023-1-26,11:30,0,,11
2023-1-26,11:40,0,,11
2023-1-26,11:50,0,,11
2023-1-26,12:00,0,,10
2023-1-26,12:10,0,,10
2023-1-26,12:20,0,,10
2023-1-26,12:30,0,,11
2023-1-26,12:40,0,,10
2023-1-26,12:50,0,,11
2023-1-26,13:00,0,,10
2023-1-26,13:10,0,,10
2023-1-26,13:20,0,,10
2023-1-26,13:30,0,,10
2023-1-26,13:40,0,,10
2023-1-26,13:50,0,,11
2023-1-26,14:00,0,,10
2023-1-26,14:10,0,,11
2023-1-26,14:20,0,,10
2023-1-26,14:30,0,,10
2023-1-26,14:40,0,,10
2023-1-26,14:50,0,,10
2023-1-26,15:00,0,,10
2023-1-26,15:10,0,,10
2023-1-26,15:20,0,,10
2023-1-26,15:30,0,,10
2023-1-26,15:40,0,,10
2023-1-26,15:50,0,,10
2023-1-26,16:00,0,,10
2023-1-26,16:10,0,,10
2023-1-26,16:20,0,,10
2023-1-26,16:30,0,,10
2023-1-26,16:40,0,,10
2023-1-26,16:50,0,,11
2023-1-26,17:00,0,,10
2023-1-26,17:10,0,,10
2023-1-26,17:20,0,,10
2023-1-26,17:30,0,,10
2023-1-26,17:40,0,,10
2023-1-26,17:50,0,,10
2023-1-26,18:00,0,,10
2023-1-26,18:10,0,,10
2023-1-26,18:20,0,,10
2023-1-26,18:30,0,,11
2023-1-26,18:40,0,,10
2023-1-26,18:50,0,,10
2023-1-26,19:00,0,,10
2023-1-26,19:10,0,,11
2023-1-26,19:20,0,,10
2023-1-26,19:30,0,,10
2023-1-26,19:40,0,,11
2023-1-26,19:50,0,,10
2023-1-26,20:00,0,,10
2023-1-26,20:10,0,,10
2023-1-26,20:20,0,,10
2023-1-26,20:30,0,,10
2023-1-26,20:40,0,,10
2023-1-26,20:50,0,,10
2023-1-26,21:00,0,,10
2023-1-26,21:10,0,,10
2023-1-26,21:20,0,,10
2023-1-26,21:30,0,,17
2023-1-26,21:40,0,,10
2023-1-26,21:50,0,,11
2023-1-26,22:00,0,,11
2023-1-26,22:10,0,,10
2023-1-26,22:20,0,,11
2023-1-26,22:30,0,,11
2023-1-26,22:40,0,,10
2023-1-26,22:50,0,,11
2023-1-26,23:00,0,,10
2023-1-26,23:10,0,,11
2023-1-26,23:20,0,,11
2023-1-26,23:30,0,,11
2023-1-26,23:40,0,,10
2023-1-26,23:50,0,,10
2023-1-27,0:00,0,,10
2023-1-27,0:10,0,,11
2023-1-27,0:20,0,,11
2023-1-27,0:30,0,,10
2023-1-27,0:40,0,,10
2023-1-27,0:50,0,,10
2023-1-27,1:00,0,,10
2023-1-27,1:10,0,,10
2023-1-27,1:20,0,,11
2023-1-27,1:30,0,,11
2023-1-27,1:40,0,,10
2023-1-27,1:50,0,,10
2023-1-27,2:00,0,,11
2023-1-27,2:10,0,,11
2023-1-27,2:20,0,,11
2023-1-27,2:30,0,,11
2023-1-27,2:40,0,,11
2023-1-27,2:50,0,,11
2023-1-27,3:00,0,,10
2023-1-27,3:10,0,,10
2023-1-27,3:20,0,,10
2023-1-27,3:30,0,,11
2023-1-27,3:40,0,,10
2023-1-27,3:50,0,,10
2023-1-27,4:00,0,,10
2023-1-27,4:10,0,,10
2023-1-27,4:20,0,,11
2023-1-27,4:30,0,,11
2023-1-27,4:40,0,,10
2023-1-27,4:50,0,,11
2023-1-27,5:00,0,,11
2023-1-27,5:10,0,,11
2023-1-27,5:20,0,,11
2023-1-27,5:30,0,,10
2023-1-27,5:40,0,,10
2023-1-27,5:50,0,,10
2023-1-27,6:00,0,,10
2023-1-27,6:10,0,,10
2023-1-27,6:20,0,,11
2023-1-27,6:30,0,,11
2023-1-27,6:40,0,,11
2023-1-27,6:50,0,,11
2023-1-27,7:00,0,,10
2023-1-27,7:10,0,,10
2023-1-27,7:20,0,,11
2023-1-27,7:30,0,,10
2023-1-27,7:40,0,,11
2023-1-27,7:50,0,,10
2023-1-27,8:00,0,,10
2023-1-27,8:10,0,,11
2023-1-27,8:20,0,,10
2023-1-27,8:30,0,,10
2023-1-27,8:40,0,,11
2023-1-27,8:50,0,,11
2023-1-27,9:00,0,,10
2023-1-27,9:10,0,,11
2023-1-27,9:20,0,,11
2023-1-27,9:30,0,,10
2023-1-27,9:40,0,,10
2023-1-27,9:50,0,,10
2023-1-27,10:00,0,,10
2023-1-27,10:10,0,,10
2023-1-27,10:20,0,,11
2023-1-27,10:30,0,,10
2023-1-27,10:40,0,,10
2023-1-27,10:50,0,,10
2023-1-27,11:00,0,,10
2023-1-27,11:10,0,,10
2023-1-27,11:20,0,,10
2023-1-27,11:30,0,,10
2023-1-27,11:40,0,,10
2023-1-27,11:50,0,,10
2023-1-27,12:00,0,,10
2023-1-27,12:10,0,,10
2023-1-27,12:20,0,,10
2023-1-27,12:30,0,,10
2023-1-27,12:40,0,,11
2023-1-27,12:50,0,,11
2023-1-27,13:00,0,,9
2023-1-27,13:10,0,,11
2023-1-27,13:20,0,,11
2023-1-27,13:30,0,,10
2023-1-27,13:40,0,,10
2023-1-27,13:50,0,,10
2023-1-27,14:00,0,,10
2023-1-27,14:10,0,,11
2023-1-27,14:20,0,,10
2023-1-27,14:30,0,,10
2023-1-27,14:40,0,,10
2023-1-27,14:50,0,,10
2023-1-27,15:00,0,,11
2023-1-27,15:10,0,,11
2023-1-27,15:20,0,,10
2023-1-27,15:30,0,,11
2023-1-27,15:40,0,,10
2023-1-27,15:50,0,,10
2023-1-27,16:00,0,,11
2023-1-27,16:10,0,,10
2023-1-27,16:20,0,,11
2023-1-27,16:30,0,,11
2023-1-27,16:40,0,,10
2023-1-27,16:50,0,,11
2023-1-27,17:00,0,,11
2023-1-27,17:10,0,,10
2023-1-27,17:20,0,,11
2023-1-27,17:30,0,,11
2023-1-27,17:40,0,,10
2023-1-27,17:50,0,,11
2023-1-27,18:00,0,,11
2023-1-27,18:10,0,,11
2023-1-27,18:20,0,,11
2023-1-27,18:30,0,,10
2023-1-27,18:40,0,,10
2023-1-27,18:50,0,,10
2023-1-27,19:00,0,,10
2023-1-27,19:10,0,,10
2023-1-27,19:20,0,,11
2023-1-27,19:30,0,,10
2023-1-27,19:40,0,,10
2023-1-27,19:50,0,,11
2023-1-27,20:00,0,,10
2023-1-27,20:10,0,,11
2023-1-27,20:20,0,,10
2023-1-27,20:30,0,,10
2023-1-27,20:40,0,,10
2023-1-27,20:50,0,,11
2023-1-27,21:00,0,,10
2023-1-27,21:10,0,,11
2023-1-27,21:20,0,,10
2023-1-27,21:30,0,,11
2023-1-27,21:40,0,,10
2023-1-27,21:50,0,,10
2023-1-27,22:00,0,,11
2023-1-27,22:10,0,,11
2023-1-27,22:20,0,,10
2023-1-27,22:30,0,,11
2023-1-27,22:40,0,,10
2023-1-27,22:50,0,,11
2023-1-27,23:00,0,,11
2023-1-27,23:10,0,,11
2023-1-27,23:20,0,,10
2023-1-27,23:30,0,,11
2023-1-27,23:40,0,,10
2023-1-27,23:50,0,,10
2023-1-28,0:00,0,,10
2023-1-28,0:10,0,,10
2023-1-28,0:20,0,,10
2023-1-28,0:30,0,,11
2023-1-28,0:40,0,,11
2023-1-28,0:50,0,,10
2023-1-28,1:00,0,,10
2023-1-28,1:10,0,,10
2023-1-28,1:20,0,,10
2023-1-28,1:30,0,,11
2023-1-28,1:40,0,,10
2023-1-28,1:50,0,,11
2023-1-28,2:00,0,,11
2023-1-28,2:10,0,,11
2023-1-28,2:20,0,,11
2023-1-28,2:30,0,,11
2023-1-28,2:40,0,,11
2023-1-28,2:50,0,,11
2023-1-28,3:00,0,,11
2023-1-28,3:10,0,,10
2023-1-28,3:20,0,,10
2023-1-28,3:30,0,,10
2023-1-28,3:40,0,,10
2023-1-28,3:50,0,,11
2023-1-28,4:00,0,,10
2023-1-28,4:10,0,,10
2023-1-28,4:20,0,,10
2023-1-28,4:30,0,,10
2023-1-28,4:40,0,,10
2023-1-28,4:50,0,,11
2023-1-28,5:00,0,,11
2023-1-28,5:10,0,,11
2023-1-28,5:20,0,,10
2023-1-28,5:30,0,,10
2023-1-28,5:40,0,,11
2023-1-28,5:50,0,,10
2023-1-28,6:00,0,,10
2023-1-28,6:10,0,,10
2023-1-28,6:20,0,,10
2023-1-28,6:30,0,,11
2023-1-28,6:40,0,,10
2023-1-28,6:50,0,,11
2023-1-28,7:00,0,,10
2023-1-28,7:10,0,,11
2023-1-28,7:20,0,,10
2023-1-28,7:30,0,,11
2023-1-28,7:40,0,,11
2023-1-28,7:50,0,,10
2023-1-28,8:00,0,,11
2023-1-28,8:10,0,,11
2023-1-28,8:20,0,,11
2023-1-28,8:30,0,,11
2023-1-28,8:40,0,,11
2023-1-28,8:50,0,,10
2023-1-28,9:00,0,,11
2023-1-28,9:10,0,,11
2023-1-28,9:20,0,,11
2023-1-28,9:30,0,,11
2023-1-28,9:40,0,,11
2023-1-28,9:50,0,,11
2023-1-28,10:00,0,,11
2023-1-28,10:10,0,,11
2023-1-28,10:20,0,,11
2023-1-28,10:30,0,,10
2023-1-28,10:40,0,,10
2023-1-28,10:50,0,,10
2023-1-28,11:00,0,,11
2023-1-28,11:10,0,,10
2023-1-28,11:20,0,,10
2023-1-28,11:30,0,,10
2023-1-28,11:40,0,,10
2023-1-28,11:50,0,,10
2023-1-28,12:00,0,,11
2023-1-28,12:10,0,,10
2023-1-28,12:20,0,,10
2023-1-28,12:30,0,,10
2023-1-28,12:40,0,,10
2023-1-28,12:50,0,,10
2023-1-28,13:00,0,,10
2023-1-28,13:10,0,,10
2023-1-28,13:20,0,,10
2023-1-28,13:30,0,,10
2023-1-28,13:40,0,,10
2023-1-28,13:50,0,,11
2023-1-28,14:00,0,,10
2023-1-28,14:10,0,,11
2023-1-28,14:20,0,,10
2023-1-28,14:30,0,,10
2023-1-28,14:40,0,,11
2023-1-28,14:50,0,,10
2023-1-28,15:00,0,,10
2023-1-28,15:10,0,,10
2023-1-28,15:20,0,,10
2023-1-28,15:30,0,,10
2023-1-28,15:40,0,,10
2023-1-28,15:50,0,,10
2023-1-28,16:00,0,,10
2023-1-28,16:10,0,,10
2023-1-28,16:20,0,,10
2023-1-28,16:30,0,,10
2023-1-28,16:40,0,,10
2023-1-28,16:50,0,,10
2023-1-28,17:00,0,,10
2023-1-28,17:10,0,,10
2023-1-28,17:20,0,,10
2023-1-28,17:30,0,,11
2023-1-28,17:40,0,,11
2023-1-28,17:50,0,,10
2023-1-28,18:00,0,,11
2023-1-28,18:10,0,,10
2023-1-28,18:20,0,,10
2023-1-28,18:30,0,,10
2023-1-28,18:40,0,,10
2023-1-28,18:50,0,,10
2023-1-28,19:00,0,,10
2023-1-28,19:10,0,,10
2023-1-28,19:20,0,,10
2023-1-28,19:30,0,,10
2023-1-28,19:40,0,,10
2023-1-28,19:50,0,,10
2023-1-28,20:00,0,,10
2023-1-28,20:10,0,,10
2023-1-28,20:20,0,,10
2023-1-28,20:30,0,,10
2023-1-28,20:40,0,,10
2023-1-28,20:50,0,,10
2023-1-28,21:00,0,,10
2023-1-28,21:10,0,,10
2023-1-28,21:20,0,,10
2023-1-28,21:30,0,,10
2023-1-28,21:40,0,,10
2023-1-28,21:50,0,,10
2023-1-28,22:00,0,,11
2023-1-28,22:10,0,,10
2023-1-28,22:20,0,,10
2023-1-28,22:30,0,,10
2023-1-28,22:40,0,,10
2023-1-28,22:50,0,,11
2023-1-28,23:00,0,,11
2023-1-28,23:10,0,,11
2023-1-28,23:20,0,,11
2023-1-28,23:30,0,,10
2023-1-28,23:40,0,,10
2023-1-28,23:50,0,,11
2023-1-29,0:00,0,,11
2023-1-29,0:10,0,,10
2023-1-29,0:20,0,,10
2023-1-29,0:30,0,,11
2023-1-29,0:40,0,,10
2023-1-29,0:50,0,,11
2023-1-29,1:00,0,,11
2023-1-29,1:10,0,,11
2023-1-29,1:20,0,,10
2023-1-29,1:30,0,,11
2023-1-29,1:40,0,,10
2023-1-29,1:50,0,,10
2023-1-29,2:00,0,,11
2023-1-29,2:10,0,,10
2023-1-29,2:20,0,,11
2023-1-29,2:30,0,,10
2023-1-29,2:40,0,,11
2023-1-29,2:50,0,,11
2023-1-29,3:00,0,,10
2023-1-29,3:10,0,,10
2023-1-29,3:20,0,,10
2023-1-29,3:30,0,,11
2023-1-29,3:40,0,,10
2023-1-29,3:50,0,,10
2023-1-29,4:00,0,,10
2023-1-29,4:10,0,,11
2023-1-29,4:20,0,,11
2023-1-29,4:30,0,,11
2023-1-29,4:40,0,,11
2023-1-29,4:50,0,,11
2023-1-29,5:00,0,,11
2023-1-29,5:10,0,,11
2023-1-29,5:20,0,,10
2023-1-29,5:30,0,,10
2023-1-29,5:40,0,,10
2023-1-29,5:50,0,,10
2023-1-29,6:00,0,,11
2023-1-29,6:10,0,,11
2023-1-29,6:20,0,,10
2023-1-29,6:30,0,,10
2023-1-29,6:40,0,,11
2023-1-29,6:50,0,,10
2023-1-29,7:00,0,,11
2023-1-29,7:10,0,,10
2023-1-29,7:20,0,,11
2023-1-29,7:30,0,,10
2023-1-29,7:40,0,,11
2023-1-29,7:50,0,,11
2023-1-29,8:00,0,,11
2023-1-29,8:10,0,,10
2023-1-29,8:20,0,,11
2023-1-29,8:30,0,,10
2023-1-29,8:40,0,,10
2023-1-29,8:50,0,,9
2023-1-29,9:00,0,,11
2023-1-29,9:10,0,,11
2023-1-29,9:20,0,,11
2023-1-29,9:30,0,,11
2023-1-29,9:40,0,,11
2023-1-29,9:50,0,,10
2023-1-29,10:00,0,,11
2023-1-29,10:10,0,,10
2023-1-29,10:20,0,,11
2023-1-29,10:30,0,,10
2023-1-29,10:40,0,,11
2023-1-29,10:50,0,,10
2023-1-29,11:00,0,,10
2023-1-29,11:10,0,,11
2023-1-29,11:20,0,,10
2023-1-29,11:30,0,,10
2023-1-29,11:40,0,,11
2023-1-29,11:50,0,,10
2023-1-29,12:00,0,,10
2023-1-29,12:10,0,,10
2023-1-29,12:20,0,,11
2023-1-29,12:30,0,,11
2023-1-29,12:40,0,,11
2023-1-29,12:50,0,,11
2023-1-29,13:00,0,,11
2023-1-29,13:10,0,,10
2023-1-29,13:20,0,,11
2023-1-29,13:30,0,,11
2023-1-29,13:40,0,,10
2023-1-29,13:50,0,,11
2023-1-29,14:00,0,,10
2023-1-29,14:10,0,,11
2023-1-29,14:20,0,,11
2023-1-29,14:30,0,,11
2023-1-29,14:40,0,,11
2023-1-29,14:50,0,,11
2023-1-29,15:00,0,,11
2023-1-29,15:10,0,,11
2023-1-29,15:20,0,,11
2023-1-29,15:30,0,,11
2023-1-29,15:40,0,,11
2023-1-29,15:50,0,,10
2023-1-29,16:00,0,,11
2023-1-29,16:10,0,,11
2023-1-29,16:20,0,,10
2023-1-29,16:30,0,,11
2023-1-29,16:40,0,,10
2023-1-29,16:50,0,,11
2023-1-29,17:00,0,,10
2023-1-29,17:10,0,,11
2023-1-29,17:20,0,,10
2023-1-29,17:30,0,,11
2023-1-29,17:40,0,,11
2023-1-29,17:50,0,,11
2023-1-29,18:00,0,,11
2023-1-29,18:10,0,,11
2023-1-29,18:20,0,,11
2023-1-29,18:30,0,,10
2023-1-29,18:40,0,,11
2023-1-29,18:50,0,,10
2023-1-29,19:00,0,,10
2023-1-29,19:10,0,,10
2023-1-29,19:20,0,,11
2023-1-29,19:30,0,,11
2023-1-29,19:40,0,,10
2023-1-29,19:50,0,,11
2023-1-29,20:00,0,,11
2023-1-29,20:10,0,,11
2023-1-29,20:20,0,,11
2023-1-29,20:30,0,,10
2023-1-29,20:40,0,,11
2023-1-29,20:50,0,,10
2023-1-29,21:00,0,,11
2023-1-29,21:10,0,,11
2023-1-29,21:20,0,,11
2023-1-29,21:30,0,,10
2023-1-29,21:40,0,,10
2023-1-29,21:50,0,,10
2023-1-29,22:00,0,,11
2023-1-29,22:10,0,,11
2023-1-29,22:20,0,,11
2023-1-29,22:30,0,,11
2023-1-29,22:40,0,,10
2023-1-29,22:50,0,,10
2023-1-29,23:00,0,,10
2023-1-29,23:10,0,,10
2023-1-29,23:20,0,,11
2023-1-29,23:30,0,,11
2023-1-29,23:40,0,,11
2023-1-29,23:50,0,,10
2023-1-30,0:00,0,,11
2023-1-30,0:10,0,,11
2023-1-30,0:20,0,,11
2023-1-30,0:30,0,,10
2023-1-30,0:40,0,,11
2023-1-30,0:50,0,,11
2023-1-30,1:00,0,,11
2023-1-30,1:10,0,,11
2023-1-30,1:20,0,,11
2023-1-30,1:30,0,,11
2023-1-30,1:40,0,,11
2023-1-30,1:50,0,,10
2023-1-30,2:00,0,,10
2023-1-30,2:10,0,,11
2023-1-30,2:20,0,,10
2023-1-30,2:30,0,,10
2023-1-30,2:40,0,,11
2023-1-30,2:50,0,,10
2023-1-30,3:00,0,,11
2023-1-30,3:10,0,,10
2023-1-30,3:20,0,,10
2023-1-30,3:30,0,,11
2023-1-30,3:40,0,,10
2023-1-30,3:50,0,,11
2023-1-30,4:00,0,,11
2023-1-30,4:10,0,,10
2023-1-30,4:20,0,,11
2023-1-30,4:30,0,,11
2023-1-30,4:40,0,,11
2023-1-30,4:50,0,,10
2023-1-30,5:00,0,,10
2023-1-30,5:10,0,,11
2023-1-30,5:20,0,,10
2023-1-30,5:30,0,,11
2023-1-30,5:40,0,,10
2023-1-30,5:50,0,,11
2023-1-30,6:00,0,,11
2023-1-30,6:10,0,,10
2023-1-30,6:20,0,,10
2023-1-30,6:30,0,,10
2023-1-30,6:40,0,,10
2023-1-30,6:50,0,,10
2023-1-30,7:00,0,,10
2023-1-30,7:10,0,,10
2023-1-30,7:20,0,,9
2023-1-30,7:30,0,,10
2023-1-30,7:40,0,,10
2023-1-30,7:50,0,,10
2023-1-30,8:00,0,,10
2023-1-30,8:10,0,,10
2023-1-30,8:20,0,,10
2023-1-30,8:30,0,,10
2023-1-30,8:40,0,,9
2023-1-30,8:50,0,,10
2023-1-30,9:00,0,,10
2023-1-30,9:10,0,,10
2023-1-30,9:20,0,,10
2023-1-30,9:30,0,,10
2023-1-30,9:40,0,,10
2023-1-30,9:50,0,,10
2023-1-30,10:00,0,,10
2023-1-30,10:10,0,,10
2023-1-30,10:20,0,,10
2023-1-30,10:30,0,,10
2023-1-30,10:40,0,,10
2023-1-30,10:50,0,,10
2023-1-30,11:00,0,,10
2023-1-30,11:10,0,,10
2023-1-30,11:20,0,,10
2023-1-30,11:30,0,,10
2023-1-30,11:40,0,,10
2023-1-30,11:50,0,,10
2023-1-30,12:00,0,,10
2023-1-30,12:10,0,,10
2023-1-30,12:20,0,,10
2023-1-30,12:30,0,,10
2023-1-30,12:40,0,,10
2023-1-30,12:50,0,,10
2023-1-30,13:00,0,,10
2023-1-30,13:10,0,,10
2023-1-30,13:20,0,,10
2023-1-30,13:30,0,,10
2023-1-30,13:40,0,,10
2023-1-30,13:50,0,,10
2023-1-30,14:00,0,,10
2023-1-30,14:10,0,,10
2023-1-30,14:20,0,,10
2023-1-30,14:30,0,,10
2023-1-30,14:40,0,,11
2023-1-30,14:50,0,,10
2023-1-30,15:00,0,,10
2023-1-30,15:10,0,,9
2023-1-30,15:20,0,,9
2023-1-30,15:30,0,,10
2023-1-30,15:40,0,,10
2023-1-30,15:50,0,,10
2023-1-30,16:00,0,,10
2023-1-30,16:10,0,,10
2023-1-30,16:20,0,,10
2023-1-30,16:30,0,,10
2023-1-30,16:40,0,,10
2023-1-30,16:50,0,,10
2023-1-30,17:00,0,,10
2023-1-30,17:10,0,,10
2023-1-30,17:20,0,,10
2023-1-30,17:30,0,,10
2023-1-30,17:40,0,,10
2023-1-30,17:50,0,,10
2023-1-30,18:00,0,,10
2023-1-30,18:10,0,,10
2023-1-30,18:20,0,,10
2023-1-30,18:30,0,,10
2023-1-30,18:40,0,,10
2023-1-30,18:50,0,,10
2023-1-30,19:00,0,,10
2023-1-30,19:10,0,,10
2023-1-30,19:20,0,,10
2023-1-30,19:30,0,,10
2023-1-30,19:40,0,,10
2023-1-30,19:50,0,,10
2023-1-30,20:00,0,,10
2023-1-30,20:10,0,,10
2023-1-30,20:20,0,,10
2023-1-30,20:30,0,,10
2023-1-30,20:40,0,,10
2023-1-30,20:50,0,,10
2023-1-30,21:00,0,,10
2023-1-30,21:10,0,,10
2023-1-30,21:20,0,,9
2023-1-30,21:30,0,,10
2023-1-30,21:40,0,,10
2023-1-30,21:50,0,,10
2023-1-30,22:00,0,,10
2023-1-30,22:10,0,,10
2023-1-30,22:20,0,,10
2023-1-30,22:30,0,,10
2023-1-30,22:40,0,,10
2023-1-30,22:50,0,,10
2023-1-30,23:00,0,,10
2023-1-30,23:10,0,,10
2023-1-30,23:20,0,,10
2023-1-30,23:30,0,,10
2023-1-30,23:40,0,,10
2023-1-30,23:50,0,,10
2023-1-31,0:00,0,,10
2023-1-31,0:10,0,,9
2023-1-31,0:20,0,,10
2023-1-31,0:30,0,,10
2023-1-31,0:40,0,,10
2023-1-31,0:50,0,,10
2023-1-31,1:00,0,,10
2023-1-31,1:10,0,,10
2023-1-31,1:20,0,,10
2023-1-31,1:30,0,,10
2023-1-31,1:40,0,,10
2023-1-31,1:50,0,,10
2023-1-31,2:00,0,,10
2023-1-31,2:10,0,,10
2023-1-31,2:20,0,,10
2023-1-31,2:30,0,,10
2023-1-31,2:40,0,,10
2023-1-31,2:50,0,,10
2023-1-31,3:00,0,,10
2023-1-31,3:10,0,,10
2023-1-31,3:20,0,,10
2023-1-31,3:30,0,,9
2023-1-31,3:40,0,,10
2023-1-31,3:50,0,,10
2023-1-31,4:00,0,,10
2023-1-31,4:10,0,,10
2023-1-31,4:20,0,,10
2023-1-31,4:30,0,,10
2023-1-31,4:40,0,,10
2023-1-31,4:50,0,,10
2023-1-31,5:00,0,,10
2023-1-31,5:10,0,,10
2023-1-31,5:20,0,,10
2023-1-31,5:30,0,,10
2023-1-31,5:40,0,,10
2023-1-31,5:50,0,,10
2023-1-31,6:00,0,,10
2023-1-31,6:10,0,,10
2023-1-31,6:20,0,,10
2023-1-31,6:30,0,,10
2023-1-31,6:40,0,,10
2023-1-31,6:50,0,,10
2023-1-31,7:00,0,,10
2023-1-31,7:10,0,,10
2023-1-31,7:20,0,,10
2023-1-31,7:30,0,,10
2023-1-31,7:40,0,,10
2023-1-31,7:50,0,,10
2023-1-31,8:00,0,,10
2023-1-31,8:10,0,,10
2023-1-31,8:20,0,,10
2023-1-31,8:30,0,,10
2023-1-31,8:40,0,,10
2023-1-31,8:50,0,,10
2023-1-31,9:00,0,,10
2023-1-31,9:10,0,,10
2023-1-31,9:20,0,,10
2023-1-31,9:30,0,,10
2023-1-31,9:40,0,,8
2023-1-31,9:50,0,,10
2023-1-31,10:00,0,,10
2023-1-31,10:10,0,,10
2023-1-31,10:20,0,,10
2023-1-31,10:30,0,,10
2023-1-31,10:40,0,,10
2023-1-31,10:50,0,,10
2023-1-31,11:00,0,,10
2023-1-31,11:10,0,,10
2023-1-31,11:20,0,,10
2023-1-31,11:30,0,,10
2023-1-31,11:40,0,,10
2023-1-31,11:50,0,,10
2023-1-31,12:00,0,,10
2023-1-31,12:10,0,,10
2023-1-31,12:20,0,,10
2023-1-31,12:30,0,,10
2023-1-31,12:40,0,,10
2023-1-31,12:50,0,,10
2023-1-31,13:00,0,,10
2023-1-31,13:10,0,,10
2023-1-31,13:20,0,,10
2023-1-31,13:30,0,,10
2023-1-31,13:40,0,,10
2023-1-31,13:50,0,,10
2023-1-31,14:00,0,,10
2023-1-31,14:10,0,,10
2023-1-31,14:20,0,,10
2023-1-31,14:30,0,,10
2023-1-31,14:40,0,,10
2023-1-31,14:50,0,,10
2023-1-31,15:00,0,,10
2023-1-31,15:10,0,,10
2023-1-31,15:20,0,,10
2023-1-31,15:30,0,,10
2023-1-31,15:40,0,,10
2023-1-31,15:50,0,,10
2023-1-31,16:00,0,,10
2023-1-31,16:10,0,,10
2023-1-31,16:20,0,,10
2023-1-31,16:30,0,,10
2023-1-31,16:40,0,,10
2023-1-31,16:50,0,,10
2023-1-31,17:00,0,,10
2023-1-31,17:10,0,,10
2023-1-31,17:20,0,,10
2023-1-31,17:30,0,,10
2023-1-31,17:40,0,,10
2023-1-31,17:50,0,,10
2023-1-31,18:00,0,,10
2023-1-31,18:10,0,,10
2023-1-31,18:20,0,,10
2023-1-31,18:30,0,,10
2023-1-31,18:40,0,,10
2023-1-31,18:50,0,,10
2023-1-31,19:00,0,,10
2023-1-31,19:10,0,,10
2023-1-31,19:20,0,,10
2023-1-31,19:30,0,,10
2023-1-31,19:40,0,,10
2023-1-31,19:50,0,,10
2023-1-31,20:00,0,,10
2023-1-31,20:10,0,,10
2023-1-31,20:20,0,,10
2023-1-31,20:30,0,,10
2023-1-31,20:40,0,,10
2023-1-31,20:50,0,,10
2023-1-31,21:00,0,,10
2023-1-31,21:10,0,,10
2023-1-31,21:20,0,,10
2023-1-31,21:30,0,,11
2023-1-31,21:40,0,,10
2023-1-31,21:50,0,,11
2023-1-31,22:00,0,,10
2023-1-31,22:10,0,,11
2023-1-31,22:20,0,,10
2023-1-31,22:30,0,,10
2023-1-31,22:40,0,,10
2023-1-31,22:50,0,,10
2023-1-31,23:00,0,,10
2023-1-31,23:10,0,,10
2023-1-31,23:20,0,,10
2023-1-31,23:30,0,,10
2023-1-31,23:40,0,,10
2023-1-31,23:50,0,,10
